/*
 * Copyright (C) 2026 Neil Rackett
 * SPDX-License-Identifier: GPL-3.0-or-later
 */
/*
 * Startup splash screen, embedded from atari/assets/SPLASH.PI1
 * (Degas PI1: 2 bytes resolution, 16 palette words, 32000 bytes
 * of ST low bitmap). Regenerate with the python snippet in the
 * git history of this file whenever the artwork changes.
 */

const unsigned char nsdl_splash_pi1[32034] = {
  0x00,0x00,0x00,0x00,0x0a,0x22,0x03,0x33,0x04,0xb3,0x08,0x8c,
  0x00,0x8e,0x0b,0x44,0x01,0xde,0x05,0x99,0x07,0x22,0x0c,0xac,
  0x06,0x86,0x05,0x5c,0x06,0xd4,0x06,0xdd,0x07,0x7e,0x00,0x00,
  0x00,0x00,0x00,0x00,0x00,0x00,0x00,0x00,0x00,0x00,0x00,0x00,
  0x00,0x00,0x00,0x00,0x00,0x00,0x00,0x00,0x00,0x00,0x00,0x00,
  0x00,0x00,0x00,0x00,0x00,0x00,0x00,0x00,0x00,0x00,0x00,0x00,
  0x00,0x00,0x00,0x00,0x00,0x00,0x00,0x00,0x00,0x00,0x00,0x00,
  0x00,0x00,0x00,0x00,0x00,0x00,0x00,0x00,0x00,0x00,0x00,0x00,
  0x00,0x00,0x00,0x00,0x00,0x00,0x00,0x00,0x00,0x00,0x00,0x00,
  0x00,0x00,0x00,0x00,0x00,0x00,0x00,0x00,0x00,0x00,0x00,0x00,
  0x00,0x00,0x00,0x00,0x00,0x00,0x00,0x00,0x00,0x00,0x00,0x00,
  0x00,0x00,0x00,0x00,0x00,0x00,0x00,0x00,0x00,0x00,0x00,0x00,
  0x00,0x00,0x00,0x00,0x00,0x00,0x00,0x00,0x00,0x00,0x00,0x00,
  0x00,0x00,0x00,0x00,0x00,0x00,0x00,0x00,0x00,0x00,0x00,0x00,
  0x00,0x00,0x00,0x00,0x00,0x00,0x00,0x00,0x00,0x00,0x00,0x00,
  0x00,0x00,0x00,0x00,0x00,0x00,0x00,0x00,0x00,0x00,0x00,0x00,
  0x00,0x00,0x00,0x00,0x00,0x00,0x00,0x00,0x00,0x00,0x00,0x00,
  0x00,0x00,0x00,0x00,0x00,0x00,0x00,0x00,0x00,0x00,0x00,0x00,
  0x00,0x00,0x00,0x00,0x00,0x00,0x00,0x00,0x00,0x00,0x00,0x00,
  0x00,0x00,0x00,0x00,0x00,0x00,0x00,0x00,0x00,0x00,0x00,0x00,
  0x00,0x00,0x00,0x00,0x00,0x00,0x00,0x00,0x00,0x00,0x00,0x00,
  0x00,0x00,0x00,0x00,0x00,0x00,0x00,0x00,0x00,0x00,0x00,0x00,
  0x00,0x00,0x00,0x00,0x00,0x00,0x00,0x00,0x00,0x00,0x00,0x00,
  0x00,0x00,0x00,0x00,0x00,0x00,0x00,0x00,0x00,0x00,0x00,0x00,
  0x00,0x00,0x00,0x00,0x00,0x00,0x00,0x00,0x00,0x00,0x00,0x00,
  0x00,0x00,0x00,0x00,0x00,0x00,0x00,0x00,0x00,0x00,0x00,0x00,
  0x00,0x00,0x00,0x00,0x00,0x00,0x00,0x00,0x00,0x00,0x00,0x00,
  0x00,0x00,0x00,0x00,0x00,0x00,0x00,0x00,0x00,0x00,0x00,0x00,
  0x00,0x00,0x00,0x00,0x00,0x00,0x00,0x00,0x00,0x00,0x00,0x00,
  0x00,0x00,0x00,0x00,0x00,0x00,0x00,0x00,0x00,0x00,0x00,0x00,
  0x00,0x00,0x00,0x00,0x00,0x00,0x00,0x00,0x00,0x00,0x00,0x00,
  0x00,0x00,0x00,0x00,0x00,0x00,0x00,0x00,0x00,0x00,0x00,0x00,
  0x00,0x00,0x00,0x00,0x00,0x00,0x00,0x00,0x00,0x00,0x00,0x00,
  0x00,0x00,0x00,0x00,0x00,0x00,0x00,0x00,0x00,0x00,0x00,0x00,
  0x00,0x00,0x00,0x00,0x00,0x00,0x00,0x00,0x00,0x00,0x00,0x00,
  0x00,0x00,0x00,0x00,0x00,0x00,0x00,0x00,0x00,0x00,0x00,0x00,
  0x00,0x00,0x00,0x00,0x00,0x00,0x00,0x00,0x00,0x00,0x00,0x00,
  0x00,0x00,0x00,0x00,0x00,0x00,0x00,0x00,0x00,0x00,0x00,0x00,
  0x00,0x00,0x00,0x00,0x00,0x00,0x00,0x00,0x00,0x00,0x00,0x00,
  0x00,0x00,0x00,0x00,0x00,0x00,0x00,0x00,0x00,0x00,0x00,0x00,
  0x00,0x00,0x00,0x00,0x00,0x00,0x00,0x00,0x00,0x00,0x00,0x00,
  0x00,0x00,0x00,0x00,0x00,0x00,0x00,0x00,0x00,0x00,0x00,0x00,
  0x00,0x00,0x00,0x00,0x00,0x00,0x00,0x00,0x00,0x00,0x00,0x00,
  0x00,0x00,0x00,0x00,0x00,0x00,0x00,0x00,0x00,0x00,0x00,0x00,
  0x00,0x00,0x00,0x00,0x00,0x00,0x00,0x00,0x00,0x00,0x00,0x00,
  0x00,0x00,0x00,0x00,0x00,0x00,0x00,0x00,0x00,0x00,0x00,0x00,
  0x00,0x00,0x00,0x00,0x00,0x00,0x00,0x00,0x00,0x00,0x00,0x00,
  0x00,0x00,0x00,0x00,0x00,0x00,0x00,0x00,0x00,0x00,0x00,0x00,
  0x00,0x00,0x00,0x00,0x00,0x00,0x00,0x00,0x00,0x00,0x00,0x00,
  0x00,0x00,0x00,0x00,0x00,0x00,0x00,0x00,0x00,0x00,0x00,0x00,
  0x00,0x00,0x00,0x00,0x00,0x00,0x00,0x00,0x00,0x00,0x00,0x00,
  0x00,0x00,0x00,0x00,0x00,0x00,0x00,0x00,0x00,0x00,0x00,0x00,
  0x00,0x00,0x00,0x00,0x00,0x00,0x00,0x00,0x00,0x00,0x00,0x00,
  0x00,0x00,0x00,0x00,0x00,0x00,0x00,0x00,0x00,0x00,0x00,0x00,
  0x00,0x00,0x00,0x00,0x00,0x00,0x00,0x00,0x00,0x00,0x00,0x00,
  0x00,0x00,0x00,0x00,0x00,0x00,0x00,0x00,0x00,0x00,0x00,0x00,
  0x00,0x00,0x00,0x00,0x00,0x00,0x00,0x00,0x00,0x00,0x00,0x00,
  0x00,0x00,0x00,0x00,0x00,0x00,0x00,0x00,0x00,0x00,0x00,0x00,
  0x00,0x00,0x00,0x00,0x00,0x00,0x00,0x00,0x00,0x00,0x00,0x00,
  0x00,0x00,0x00,0x00,0x00,0x00,0x00,0x00,0x00,0x00,0x00,0x00,
  0x00,0x00,0x00,0x00,0x00,0x00,0x00,0x00,0x00,0x00,0x00,0x00,
  0x00,0x00,0x00,0x00,0x00,0x00,0x00,0x00,0x00,0x00,0x00,0x00,
  0x00,0x00,0x00,0x00,0x00,0x00,0x00,0x00,0x00,0x00,0x00,0x00,
  0x00,0x00,0x00,0x00,0x00,0x00,0x00,0x00,0x00,0x00,0x00,0x00,
  0x00,0x00,0x00,0x00,0x00,0x00,0x00,0x00,0x00,0x00,0x00,0x00,
  0x00,0x00,0x00,0x00,0x00,0x00,0x00,0x00,0x00,0x00,0x00,0x00,
  0x00,0x00,0x00,0x00,0x00,0x00,0x00,0x00,0x00,0x00,0x00,0x00,
  0x00,0x00,0x00,0x00,0x00,0x00,0x00,0x00,0x00,0x00,0x00,0x00,
  0x00,0x00,0x00,0x00,0x00,0x00,0x00,0x00,0x00,0x00,0x00,0x00,
  0x00,0x00,0x00,0x00,0x00,0x00,0x00,0x00,0x00,0x00,0x00,0x00,
  0x00,0x00,0x00,0x00,0x00,0x00,0x00,0x00,0x00,0x00,0x00,0x00,
  0x00,0x00,0x00,0x00,0x00,0x00,0x00,0x00,0x00,0x00,0x00,0x00,
  0x00,0x00,0x00,0x00,0x00,0x00,0x00,0x00,0x00,0x00,0x00,0x00,
  0x00,0x00,0x00,0x00,0x00,0x00,0x00,0x00,0x00,0x00,0x00,0x00,
  0x00,0x00,0x00,0x00,0x00,0x00,0x00,0x00,0x00,0x00,0x00,0x00,
  0x00,0x00,0x00,0x00,0x00,0x00,0x00,0x00,0x00,0x00,0x00,0x00,
  0x00,0x00,0x00,0x00,0x00,0x00,0x00,0x00,0x00,0x00,0x00,0x00,
  0x00,0x00,0x00,0x00,0x00,0x00,0x00,0x00,0x00,0x00,0x00,0x00,
  0x00,0x00,0x00,0x00,0x00,0x00,0x00,0x00,0x00,0x00,0x00,0x00,
  0x00,0x00,0x00,0x00,0x00,0x00,0x00,0x00,0x00,0x00,0x00,0x00,
  0x00,0x00,0x00,0x00,0x00,0x00,0x00,0x00,0x00,0x00,0x00,0x00,
  0x00,0x00,0x00,0x00,0x00,0x00,0x00,0x00,0x00,0x00,0x00,0x00,
  0x00,0x00,0x00,0x00,0x00,0x00,0x00,0x00,0x00,0x00,0x00,0x00,
  0x00,0x00,0x00,0x00,0x00,0x00,0x00,0x00,0x00,0x00,0x00,0x00,
  0x00,0x00,0x00,0x00,0x00,0x00,0x00,0x00,0x00,0x00,0x00,0x00,
  0x00,0x00,0x00,0x00,0x00,0x00,0x00,0x00,0x00,0x00,0x00,0x00,
  0x00,0x00,0x00,0x00,0x00,0x00,0x00,0x00,0x00,0x00,0x00,0x06,
  0x00,0x02,0x00,0x07,0x00,0x00,0x00,0x00,0x00,0x00,0x00,0x00,
  0x00,0x00,0x00,0x00,0x00,0x00,0x00,0x00,0x00,0x00,0x00,0x00,
  0x00,0x00,0x00,0x00,0x00,0x00,0x00,0x00,0x00,0x00,0x00,0x00,
  0x00,0x00,0x00,0x00,0x00,0x00,0x00,0x00,0x00,0x00,0x00,0x00,
  0x00,0x00,0x00,0x00,0x00,0x00,0x00,0x00,0x00,0x00,0x00,0x00,
  0x00,0x00,0x00,0x00,0x00,0x00,0x00,0x00,0x00,0x00,0x00,0x00,
  0x00,0x00,0x00,0x00,0x00,0x00,0x00,0x00,0x00,0x00,0x00,0x00,
  0x00,0x00,0x00,0x00,0x00,0x00,0x00,0x00,0x00,0x00,0x00,0x00,
  0x00,0x00,0x00,0x00,0x00,0x00,0x00,0x00,0x00,0x00,0x00,0x00,
  0x00,0x00,0x00,0x00,0x00,0x00,0x00,0x00,0x00,0x00,0x00,0x00,
  0x00,0x00,0x00,0x00,0x00,0x00,0x00,0x00,0x00,0x00,0x00,0x00,
  0x00,0x00,0x00,0x00,0x00,0x00,0x00,0x00,0x00,0x00,0x00,0x00,
  0x00,0x00,0x00,0x00,0x00,0x00,0x00,0x00,0x00,0x00,0x00,0x00,
  0x00,0x00,0x00,0x03,0x00,0x02,0x00,0x07,0x00,0x00,0x00,0x00,
  0x00,0x00,0x00,0x00,0x00,0x00,0x00,0x00,0x00,0x00,0x00,0x00,
  0x00,0x00,0x00,0x00,0x00,0x00,0x00,0x00,0x00,0x00,0x00,0x00,
  0x00,0x00,0x00,0x00,0x00,0x00,0x00,0x00,0x00,0x00,0x00,0x00,
  0x00,0x00,0x00,0x00,0x00,0x00,0x00,0x00,0x00,0x00,0x00,0x00,
  0x00,0x00,0x00,0x00,0x00,0x00,0x00,0x00,0x00,0x00,0x00,0x00,
  0x00,0x00,0x00,0x00,0x00,0x00,0x00,0x00,0x00,0x00,0x00,0x00,
  0x00,0x00,0x00,0x00,0x00,0x00,0x00,0x00,0x00,0x00,0x00,0x00,
  0x00,0x00,0x00,0x00,0x00,0x00,0x00,0x00,0x00,0x00,0x00,0x00,
  0x00,0x00,0x00,0x00,0x00,0x00,0x00,0x00,0x00,0x00,0x00,0x00,
  0x00,0x00,0x00,0x00,0x00,0x00,0x00,0x00,0x00,0x00,0x00,0x00,
  0x00,0x00,0x00,0x00,0x00,0x00,0x00,0x00,0x00,0x00,0x00,0x00,
  0x00,0x00,0x00,0x00,0x00,0x00,0x00,0x00,0x00,0x00,0x00,0x00,
  0x00,0x00,0x00,0x00,0x00,0x00,0x00,0x02,0x00,0x00,0x00,0x02,
  0x00,0x00,0x00,0x00,0x00,0x00,0x00,0x00,0x00,0x00,0x00,0x00,
  0x00,0x00,0x00,0x00,0x00,0x00,0x00,0x00,0x00,0x00,0x00,0x00,
  0x00,0x00,0x00,0x00,0x00,0x00,0x00,0x00,0x00,0x00,0x00,0x00,
  0x00,0x00,0x00,0x00,0x00,0x00,0x00,0x00,0x00,0x00,0x00,0x00,
  0x00,0x00,0x00,0x00,0x00,0x00,0x00,0x00,0x00,0x00,0x00,0x00,
  0x00,0x00,0x00,0x00,0x00,0x00,0x00,0x00,0x00,0x00,0x00,0x00,
  0x00,0x00,0x00,0x00,0x00,0x00,0x00,0x00,0x00,0x00,0x00,0x00,
  0x00,0x00,0x00,0x00,0x00,0x00,0x00,0x00,0x00,0x00,0x00,0x00,
  0x00,0x00,0x00,0x00,0x00,0x00,0x00,0x00,0x00,0x00,0x00,0x00,
  0x00,0x00,0x00,0x00,0x00,0x00,0x00,0x00,0x00,0x00,0x00,0x00,
  0x00,0x00,0x00,0x00,0x00,0x00,0x00,0x00,0x00,0x00,0x00,0x00,
  0x00,0x00,0x00,0x00,0x00,0x00,0x00,0x00,0x00,0x00,0x00,0x00,
  0x00,0x00,0x00,0x00,0x00,0x00,0x00,0x00,0x00,0x00,0x00,0x01,
  0x00,0x00,0x00,0x00,0x00,0x00,0x00,0x00,0x00,0x00,0x00,0x00,
  0x00,0x00,0x00,0x00,0x00,0x00,0x00,0x00,0x00,0x00,0x00,0x00,
  0x00,0x00,0x00,0x00,0x00,0x00,0x00,0x00,0x00,0x00,0x00,0x00,
  0x00,0x00,0x00,0x00,0x00,0x00,0x00,0x00,0x00,0x00,0x00,0x00,
  0x00,0x00,0x00,0x00,0x00,0x00,0x00,0x00,0x00,0x00,0x00,0x00,
  0x00,0x00,0x00,0x00,0x00,0x00,0x00,0x00,0x00,0x00,0x00,0x00,
  0x00,0x00,0x00,0x00,0x00,0x00,0x00,0x00,0x00,0x00,0x00,0x00,
  0x00,0x00,0x00,0x00,0x00,0x00,0x00,0x00,0x00,0x00,0x00,0x00,
  0x00,0x00,0x00,0x00,0x00,0x00,0x00,0x00,0x00,0x00,0x00,0x00,
  0x00,0x00,0x00,0x00,0x00,0x00,0x00,0x00,0x00,0x00,0x00,0x00,
  0x00,0x00,0x00,0x00,0x00,0x00,0x00,0x00,0x00,0x00,0x00,0x00,
  0x00,0x00,0x00,0x00,0x00,0x00,0x00,0x00,0x00,0x00,0x00,0x00,
  0x00,0x00,0x00,0x00,0x00,0x00,0x00,0x00,0x00,0x00,0x00,0x00,
  0x00,0x00,0x00,0x02,0x00,0x01,0x00,0x01,0x00,0x01,0x00,0x00,
  0x00,0x00,0x00,0x00,0x00,0x00,0x00,0x00,0x00,0x00,0x00,0x00,
  0x00,0x00,0x00,0x00,0x00,0x00,0x00,0x00,0x00,0x00,0x00,0x00,
  0x00,0x00,0x00,0x00,0x00,0x00,0x00,0x00,0x00,0x00,0x00,0x00,
  0x00,0x00,0x00,0x00,0x00,0x00,0x00,0x00,0x00,0x00,0x00,0x00,
  0x00,0x00,0x00,0x00,0x00,0x00,0x00,0x00,0x00,0x00,0x00,0x00,
  0x00,0x00,0x00,0x00,0x00,0x00,0x00,0x00,0x00,0x00,0x00,0x00,
  0x00,0x00,0x00,0x00,0x00,0x00,0x00,0x00,0x00,0x00,0x00,0x00,
  0x00,0x00,0x00,0x00,0x00,0x00,0x00,0x00,0x00,0x00,0x00,0x00,
  0x00,0x00,0x00,0x00,0x00,0x00,0x00,0x00,0x00,0x00,0x00,0x00,
  0x00,0x00,0x00,0x00,0x00,0x00,0x00,0x00,0x00,0x00,0x00,0x00,
  0x00,0x00,0x00,0x00,0x00,0x00,0x00,0x00,0x00,0x00,0x00,0x00,
  0x00,0x00,0x00,0x00,0x00,0x00,0x00,0x00,0x00,0x00,0x00,0x00,
  0x00,0x00,0x00,0x00,0x00,0x00,0x00,0x00,0x00,0x00,0x00,0x01,
  0x00,0x01,0x00,0x00,0x00,0x00,0x00,0x00,0x00,0x00,0x00,0x00,
  0x00,0x00,0x00,0x00,0x00,0x00,0x00,0x00,0x00,0x00,0x00,0x00,
  0x00,0x00,0x00,0x00,0x00,0x00,0x00,0x00,0x00,0x00,0x00,0x00,
  0x00,0x00,0x00,0x00,0x00,0x00,0x00,0x00,0x00,0x00,0x00,0x00,
  0x00,0x00,0x00,0x00,0x00,0x00,0x00,0x00,0x00,0x00,0x00,0x00,
  0x00,0x00,0x00,0x00,0x00,0x00,0x00,0x00,0x00,0x00,0x00,0x00,
  0x00,0x00,0x00,0x00,0x00,0x00,0x00,0x00,0x00,0x00,0x00,0x00,
  0x00,0x00,0x00,0x00,0x00,0x00,0x00,0x00,0x00,0x00,0x00,0x00,
  0x00,0x00,0x00,0x00,0x00,0x00,0x00,0x00,0x00,0x00,0x00,0x00,
  0x00,0x00,0x00,0x00,0x00,0x00,0x00,0x00,0x00,0x00,0x00,0x00,
  0x00,0x00,0x00,0x00,0x00,0x00,0x00,0x00,0x00,0x00,0x00,0x00,
  0x00,0x00,0x00,0x00,0x00,0x00,0x00,0x00,0x00,0x00,0x00,0x00,
  0x00,0x00,0x00,0x00,0x00,0x00,0x00,0x00,0x00,0x00,0x00,0x00,
  0x00,0x01,0x00,0x00,0x00,0x00,0x00,0x00,0x80,0x00,0x80,0x00,
  0x00,0x00,0x00,0x00,0x00,0x00,0x00,0x00,0x00,0x00,0x00,0x00,
  0x00,0x00,0x00,0x00,0x00,0x00,0x00,0x00,0x00,0x00,0x00,0x00,
  0x00,0x00,0x00,0x00,0x00,0x00,0x00,0x00,0x00,0x00,0x00,0x00,
  0x00,0x00,0x00,0x00,0x00,0x00,0x00,0x00,0x00,0x00,0x00,0x00,
  0x00,0x00,0x00,0x00,0x00,0x00,0x00,0x00,0x00,0x00,0x00,0x00,
  0x00,0x00,0x00,0x00,0x00,0x00,0x00,0x00,0x00,0x00,0x00,0x00,
  0x00,0x00,0x00,0x00,0x00,0x00,0x00,0x00,0x00,0x00,0x00,0x00,
  0x00,0x00,0x00,0x00,0x00,0x00,0x00,0x00,0x00,0x00,0x00,0x00,
  0x00,0x00,0x00,0x00,0x00,0x00,0x00,0x00,0x00,0x00,0x00,0x00,
  0x00,0x00,0x00,0x00,0x00,0x00,0x00,0x00,0x00,0x00,0x00,0x00,
  0x00,0x00,0x00,0x00,0x00,0x00,0x00,0x00,0x00,0x00,0x00,0x00,
  0x00,0x00,0x00,0x00,0x00,0x00,0x00,0x00,0x00,0x00,0x00,0x00,
  0x00,0x00,0x00,0x00,0x00,0x00,0x00,0x00,0x00,0x00,0x40,0x00,
  0x00,0x00,0x80,0x00,0x80,0x00,0x00,0x00,0x00,0x00,0x00,0x00,
  0x00,0x00,0x00,0x00,0x00,0x00,0x00,0x00,0x00,0x00,0x00,0x00,
  0x00,0x00,0x00,0x00,0x00,0x00,0x00,0x00,0x00,0x00,0x00,0x00,
  0x00,0x00,0x00,0x00,0x00,0x00,0x00,0x00,0x00,0x00,0x00,0x00,
  0x00,0x00,0x00,0x00,0x00,0x00,0x00,0x00,0x00,0x00,0x00,0x00,
  0x00,0x00,0x00,0x00,0x00,0x00,0x00,0x00,0x00,0x00,0x00,0x00,
  0x00,0x00,0x00,0x00,0x00,0x00,0x00,0x00,0x00,0x00,0x00,0x00,
  0x00,0x00,0x00,0x00,0x00,0x00,0x00,0x00,0x00,0x00,0x00,0x00,
  0x00,0x00,0x00,0x00,0x00,0x00,0x00,0x00,0x00,0x00,0x00,0x00,
  0x00,0x00,0x00,0x00,0x00,0x00,0x00,0x00,0x00,0x00,0x00,0x00,
  0x00,0x00,0x00,0x00,0x00,0x00,0x00,0x00,0x00,0x00,0x00,0x00,
  0x00,0x00,0x00,0x00,0x00,0x00,0x00,0x00,0x00,0x00,0x00,0x00,
  0x00,0x00,0x00,0x00,0x00,0x00,0x00,0x00,0x00,0x00,0x00,0x00,
  0x00,0x00,0x00,0x00,0x40,0x00,0x80,0x00,0x80,0x00,0x00,0x00,
  0x00,0x00,0x00,0x00,0x00,0x00,0x00,0x00,0x00,0x00,0x00,0x00,
  0x00,0x00,0x00,0x00,0x00,0x00,0x00,0x00,0x00,0x00,0x00,0x00,
  0x00,0x00,0x00,0x00,0x00,0x00,0x00,0x00,0x00,0x00,0x00,0x00,
  0x00,0x00,0x00,0x00,0x00,0x00,0x00,0x00,0x00,0x00,0x00,0x00,
  0x00,0x00,0x00,0x00,0x00,0x00,0x00,0x00,0x00,0x00,0x00,0x00,
  0x00,0x00,0x00,0x00,0x00,0x00,0x00,0x00,0x00,0x00,0x00,0x00,
  0x00,0x00,0x00,0x00,0x00,0x00,0x00,0x00,0x00,0x00,0x00,0x00,
  0x00,0x00,0x00,0x00,0x00,0x00,0x00,0x00,0x00,0x00,0x00,0x00,
  0x00,0x00,0x00,0x00,0x00,0x00,0x00,0x00,0x00,0x00,0x00,0x00,
  0x00,0x00,0x00,0x00,0x00,0x00,0x00,0x00,0x00,0x00,0x00,0x00,
  0x00,0x00,0x00,0x00,0x00,0x00,0x00,0x00,0x00,0x00,0x00,0x00,
  0x00,0x00,0x00,0x00,0x00,0x00,0x00,0x00,0x00,0x00,0x00,0x00,
  0x00,0x00,0x00,0x00,0x00,0x00,0x00,0x00,0x80,0x00,0x40,0x00,
  0x40,0x00,0x00,0x00,0x00,0x00,0x00,0x00,0x00,0x00,0x00,0x00,
  0x00,0x00,0x00,0x00,0x00,0x00,0x00,0x00,0x00,0x00,0x00,0x00,
  0x00,0x00,0x00,0x00,0x00,0x00,0x00,0x00,0x00,0x00,0x00,0x00,
  0x00,0x00,0x00,0x00,0x00,0x00,0x00,0x00,0x00,0x00,0x00,0x00,
  0x00,0x00,0x00,0x00,0x00,0x00,0x00,0x00,0x00,0x00,0x00,0x00,
  0x00,0x00,0x00,0x00,0x00,0x00,0x00,0x00,0x00,0x00,0x00,0x00,
  0x00,0x00,0x00,0x00,0x00,0x00,0x00,0x00,0x00,0x00,0x00,0x00,
  0x00,0x00,0x00,0x00,0x00,0x00,0x00,0x00,0x00,0x00,0x00,0x00,
  0x00,0x00,0x00,0x00,0x00,0x00,0x00,0x00,0x00,0x00,0x00,0x00,
  0x00,0x00,0x00,0x00,0x00,0x00,0x00,0x00,0x00,0x00,0x00,0x00,
  0x00,0x00,0x00,0x00,0x00,0x00,0x00,0x00,0x00,0x00,0x00,0x00,
  0x00,0x00,0x00,0x00,0x00,0x00,0x00,0x00,0x00,0x00,0x00,0x00,
  0x00,0x00,0x00,0x00,0x00,0x00,0x00,0x00,0x00,0x00,0x00,0x00,
  0xe0,0x00,0xc0,0x00,0x40,0x00,0x00,0x00,0x00,0x00,0x00,0x00,
  0x00,0x00,0x00,0x00,0x00,0x00,0x00,0x00,0x00,0x00,0x00,0x00,
  0x00,0x00,0x00,0x00,0x00,0x00,0x00,0x00,0x00,0x00,0x00,0x00,
  0x00,0x00,0x00,0x00,0x00,0x00,0x00,0x00,0x00,0x00,0x00,0x00,
  0x00,0x00,0x00,0x00,0x00,0x00,0x00,0x00,0x00,0x00,0x00,0x00,
  0x00,0x00,0x00,0x00,0x00,0x00,0x00,0x00,0x00,0x00,0x00,0x00,
  0x00,0x00,0x00,0x00,0x00,0x00,0x00,0x00,0x00,0x00,0x00,0x00,
  0x00,0x00,0x00,0x00,0x00,0x00,0x00,0x00,0x00,0x00,0x00,0x00,
  0x00,0x00,0x00,0x00,0x00,0x00,0x00,0x00,0x00,0x00,0x00,0x00,
  0x00,0x00,0x00,0x00,0x00,0x00,0x00,0x00,0x00,0x00,0x00,0x00,
  0x00,0x00,0x00,0x00,0x00,0x00,0x00,0x00,0x00,0x00,0x00,0x00,
  0x00,0x00,0x00,0x00,0x00,0x00,0x00,0x00,0x00,0x00,0x00,0x00,
  0x00,0x00,0x00,0x00,0x00,0x00,0x00,0x00,0x00,0x00,0x00,0x00,
  0x00,0x00,0x00,0x00,0x60,0x00,0x20,0x00,0x00,0x00,0x00,0x00,
  0x00,0x00,0x00,0x00,0x00,0x00,0x00,0x00,0x00,0x00,0x00,0x00,
  0x00,0x00,0x00,0x00,0x00,0x00,0x00,0x00,0x00,0x00,0x00,0x00,
  0x00,0x00,0x00,0x00,0x00,0x00,0x00,0x00,0x00,0x00,0x00,0x00,
  0x00,0x00,0x00,0x00,0x00,0x00,0x00,0x00,0x00,0x00,0x00,0x00,
  0x00,0x00,0x00,0x00,0x00,0x00,0x00,0x00,0x00,0x00,0x00,0x00,
  0x00,0x00,0x00,0x00,0x00,0x00,0x00,0x00,0x00,0x00,0x00,0x00,
  0x00,0x00,0x00,0x00,0x00,0x00,0x00,0x00,0x00,0x00,0x00,0x00,
  0x00,0x00,0x00,0x00,0x00,0x00,0x00,0x00,0x00,0x00,0x00,0x00,
  0x00,0x00,0x00,0x00,0x00,0x00,0x00,0x00,0x00,0x00,0x00,0x00,
  0x00,0x00,0x00,0x00,0x00,0x00,0x00,0x00,0x00,0x00,0x00,0x00,
  0x00,0x00,0x00,0x00,0x00,0x00,0x00,0x00,0x00,0x00,0x00,0x00,
  0x00,0x00,0x00,0x00,0x00,0x00,0x00,0x00,0x00,0x00,0x00,0x00,
  0x00,0x00,0x00,0x00,0x00,0x00,0x00,0x00,0x70,0x00,0x20,0x00,
  0x00,0x00,0x00,0x00,0x00,0x00,0x00,0x00,0x00,0x00,0x00,0x00,
  0x00,0x00,0x00,0x00,0x00,0x00,0x00,0x00,0x00,0x00,0x00,0x00,
  0x00,0x00,0x00,0x00,0x00,0x00,0x00,0x00,0x00,0x00,0x00,0x00,
  0x00,0x00,0x00,0x00,0x00,0x00,0x00,0x00,0x00,0x00,0x00,0x00,
  0x00,0x00,0x00,0x00,0x00,0x00,0x00,0x00,0x00,0x00,0x00,0x00,
  0x00,0x00,0x00,0x00,0x00,0x00,0x00,0x00,0x00,0x00,0x00,0x00,
  0x00,0x00,0x00,0x00,0x00,0x00,0x00,0x00,0x00,0x00,0x00,0x00,
  0x00,0x00,0x00,0x00,0x00,0x00,0x00,0x00,0x00,0x00,0x00,0x00,
  0x00,0x00,0x00,0x00,0x00,0x00,0x00,0x00,0x00,0x00,0x00,0x00,
  0x00,0x00,0x00,0x00,0x00,0x00,0x00,0x00,0x00,0x00,0x00,0x00,
  0x00,0x00,0x00,0x00,0x00,0x00,0x00,0x00,0x00,0x00,0x00,0x00,
  0x00,0x00,0x00,0x00,0x00,0x00,0x00,0x00,0x00,0x00,0x00,0x00,
  0x00,0x00,0x00,0x00,0x00,0x00,0x00,0x00,0x00,0x00,0x41,0x80,
  0x33,0x00,0x23,0x00,0x03,0x00,0x00,0x00,0x00,0x00,0x00,0x00,
  0x00,0x00,0x00,0x00,0x00,0x00,0x00,0x00,0x00,0x00,0x00,0x00,
  0x00,0x00,0x00,0x00,0x00,0x00,0x00,0x00,0x00,0x00,0x00,0x00,
  0x00,0x00,0x00,0x00,0x00,0x00,0x00,0x00,0x00,0x00,0x00,0x00,
  0x00,0x00,0x00,0x00,0x00,0x00,0x00,0x00,0x00,0x00,0x00,0x00,
  0x00,0x00,0x00,0x00,0x00,0x00,0x00,0x00,0x00,0x00,0x00,0x00,
  0x00,0x00,0x00,0x00,0x00,0x00,0x00,0x00,0x00,0x00,0x00,0x00,
  0x00,0x00,0x00,0x00,0x00,0x00,0x00,0x00,0x00,0x00,0x00,0x00,
  0x00,0x00,0x00,0x00,0x00,0x00,0x00,0x00,0x00,0x00,0x00,0x00,
  0x00,0x00,0x00,0x00,0x00,0x00,0x00,0x00,0x00,0x00,0x00,0x00,
  0x00,0x00,0x00,0x00,0x00,0x00,0x00,0x00,0x00,0x00,0x00,0x00,
  0x00,0x00,0x00,0x00,0x00,0x00,0x00,0x00,0x00,0x00,0x00,0x00,
  0x00,0x00,0x00,0x00,0x00,0x00,0x00,0x00,0x00,0x00,0x00,0x00,
  0x00,0x00,0x69,0x00,0x1e,0x80,0x0e,0x80,0x08,0x00,0x00,0x00,
  0x00,0x00,0x00,0x00,0x00,0x00,0x00,0x00,0x00,0x00,0x00,0x00,
  0x00,0x00,0x00,0x00,0x00,0x00,0x00,0x00,0x00,0x00,0x00,0x00,
  0x00,0x00,0x00,0x00,0x00,0x00,0x00,0x00,0x00,0x00,0x00,0x00,
  0x00,0x00,0x00,0x00,0x00,0x00,0x00,0x00,0x00,0x00,0x00,0x00,
  0x00,0x00,0x00,0x00,0x00,0x00,0x00,0x00,0x00,0x00,0x00,0x00,
  0x00,0x00,0x00,0x00,0x00,0x00,0x00,0x00,0x00,0x00,0x00,0x00,
  0x00,0x00,0x00,0x00,0x00,0x00,0x00,0x00,0x00,0x00,0x00,0x00,
  0x00,0x00,0x00,0x00,0x00,0x00,0x00,0x00,0x00,0x00,0x00,0x00,
  0x00,0x00,0x00,0x00,0x00,0x00,0x00,0x00,0x00,0x00,0x00,0x00,
  0x00,0x00,0x00,0x00,0x00,0x00,0x00,0x00,0x00,0x00,0x00,0x00,
  0x00,0x00,0x00,0x00,0x00,0x00,0x00,0x00,0x00,0x00,0x00,0x00,
  0x00,0x00,0x00,0x00,0x00,0x00,0x00,0x00,0x00,0x00,0x00,0x01,
  0x00,0x00,0x00,0x00,0x00,0x00,0x82,0x40,0x74,0x80,0x78,0x80,
  0x58,0x00,0x00,0x00,0x00,0x00,0x00,0x00,0x00,0x00,0x00,0x00,
  0x00,0x00,0x00,0x00,0x00,0x00,0x3f,0xfc,0x00,0x00,0x00,0x00,
  0x00,0x00,0x00,0x00,0x00,0x00,0x00,0x00,0x00,0x00,0x00,0x00,
  0x00,0x00,0x00,0x00,0x00,0x00,0x00,0x00,0x00,0x00,0x00,0x00,
  0x00,0x00,0x00,0x00,0x00,0x00,0x00,0x00,0x00,0x00,0x00,0x00,
  0x00,0x00,0x00,0x00,0x00,0x00,0x00,0x00,0x00,0x00,0x00,0x00,
  0x00,0x00,0x00,0x00,0x00,0x00,0x00,0x00,0x00,0x00,0x00,0x00,
  0x00,0x00,0x00,0x00,0x00,0x00,0x00,0x00,0x00,0x00,0x00,0x00,
  0x00,0x00,0x00,0x00,0x00,0x00,0x00,0x00,0x00,0x00,0x00,0x00,
  0x00,0x00,0x00,0x00,0x00,0x00,0x00,0x00,0x00,0x00,0x00,0x00,
  0x00,0x00,0x00,0x00,0x00,0x00,0x00,0x00,0x00,0x00,0x00,0x00,
  0x00,0x00,0x00,0x00,0x00,0x00,0x00,0x00,0x00,0x00,0x00,0x00,
  0x00,0x00,0x00,0x01,0x00,0x00,0x00,0x02,0x00,0x02,0x40,0x00,
  0x05,0x40,0x0d,0xc0,0x08,0xc0,0x00,0x00,0x00,0x00,0x00,0x00,
  0x00,0x00,0x00,0x0f,0x00,0x00,0x00,0x0f,0x00,0x0f,0xff,0xff,
  0x00,0x00,0xff,0xff,0xff,0xff,0x00,0x00,0x00,0x00,0x00,0x00,
  0x00,0x00,0x00,0x00,0x00,0x00,0x00,0x00,0x00,0x00,0x00,0x00,
  0x00,0x00,0x00,0x00,0x00,0x00,0x00,0x00,0x00,0x00,0x00,0x00,
  0x00,0x00,0x00,0x00,0x00,0x00,0x00,0x00,0x00,0x00,0x00,0x00,
  0x00,0x00,0x00,0x00,0x00,0x00,0x00,0x00,0x00,0x00,0x00,0x00,
  0x00,0x00,0x00,0x00,0x00,0x00,0x00,0x00,0x00,0x00,0x00,0x00,
  0x00,0x00,0x00,0x00,0x00,0x00,0x00,0x00,0x00,0x00,0x00,0x00,
  0x00,0x00,0x00,0x00,0x00,0x00,0x00,0x00,0x00,0x00,0x00,0x00,
  0x00,0x00,0x00,0x00,0x00,0x00,0x00,0x00,0x00,0x00,0x00,0x00,
  0x00,0x00,0x00,0x00,0x00,0x00,0x00,0x00,0x00,0x00,0x00,0x00,
  0x00,0x00,0x00,0x00,0x00,0x00,0x00,0x02,0x00,0x00,0x00,0x00,
  0x00,0x00,0x62,0x00,0x89,0xc0,0x04,0xc0,0x04,0x40,0x00,0x00,
  0x00,0x00,0x00,0x00,0x00,0x00,0x00,0x3f,0x00,0x00,0x00,0x0f,
  0x00,0x0f,0xff,0xff,0x00,0x00,0xff,0xef,0xff,0xff,0x80,0x00,
  0x00,0x00,0x80,0x00,0x80,0x00,0x00,0x00,0x00,0x00,0x00,0x00,
  0x00,0x00,0x00,0x00,0x00,0x00,0x00,0x00,0x00,0x00,0x00,0x00,
  0x00,0x00,0x00,0x00,0x00,0x00,0x00,0x00,0x00,0x00,0x00,0x00,
  0x00,0x00,0x00,0x00,0x00,0x00,0x00,0x00,0x00,0x00,0x00,0x00,
  0x00,0x00,0x00,0x00,0x00,0x00,0x00,0x00,0x00,0x00,0x00,0x00,
  0x00,0x00,0x00,0x00,0x00,0x00,0x00,0x00,0x00,0x00,0x00,0x00,
  0x00,0x00,0x00,0x00,0x00,0x00,0x00,0x00,0x00,0x00,0x00,0x00,
  0x00,0x00,0x00,0x00,0x00,0x00,0x00,0x00,0x00,0x00,0x00,0x00,
  0x00,0x00,0x00,0x00,0x00,0x00,0x00,0x00,0x00,0x00,0x00,0x00,
  0x00,0x00,0x00,0x00,0x00,0x00,0x00,0x00,0x00,0x00,0x00,0x00,
  0x00,0x07,0x00,0x07,0x00,0x00,0xc0,0x00,0x06,0xa0,0x06,0xc0,
  0x02,0x40,0x00,0x00,0x00,0x00,0x00,0x00,0x00,0x00,0x00,0xef,
  0x00,0x00,0x00,0xef,0x00,0xff,0xfd,0x6f,0x00,0x00,0xf5,0x01,
  0xff,0x5b,0x00,0x00,0x00,0x00,0x00,0x00,0x00,0x00,0x00,0x00,
  0x00,0x00,0x00,0x00,0x00,0x00,0x00,0x00,0x00,0x00,0x00,0x00,
  0x00,0x00,0x00,0x00,0x00,0x00,0x00,0x00,0x00,0x00,0x00,0x00,
  0x00,0x00,0x00,0x00,0x00,0x00,0x00,0x00,0x00,0x00,0x00,0x00,
  0x00,0x00,0x00,0x00,0x00,0x00,0x00,0x00,0x00,0x00,0x00,0x00,
  0x00,0x00,0x00,0x00,0x00,0x00,0x00,0x00,0x00,0x00,0x00,0x00,
  0x00,0x00,0x00,0x00,0x00,0x00,0x00,0x00,0x00,0x00,0x00,0x00,
  0x00,0x00,0x00,0x00,0x00,0x00,0x00,0x00,0x00,0x00,0x00,0x00,
  0x00,0x00,0x00,0x00,0x00,0x00,0x00,0x00,0x00,0x00,0x00,0x00,
  0x00,0x00,0x00,0x00,0x00,0x00,0x00,0x00,0x00,0x00,0x00,0x00,
  0x00,0x00,0x00,0x09,0x00,0x02,0x00,0x06,0x00,0x06,0xf4,0xa0,
  0x03,0x40,0x03,0x40,0x02,0x00,0x00,0x00,0x00,0x00,0x00,0x00,
  0x00,0x00,0x00,0xdd,0x00,0x00,0x00,0x95,0x00,0xf7,0x74,0x4b,
  0x00,0x00,0x74,0x03,0xf7,0x4f,0x00,0x00,0x00,0x00,0x00,0x00,
  0x00,0x00,0x00,0x00,0x00,0x00,0x00,0x00,0x00,0x00,0x00,0x00,
  0x00,0x00,0x00,0x00,0x00,0x00,0x00,0x00,0x00,0x00,0x00,0x00,
  0x00,0x00,0x00,0x00,0x00,0x00,0x00,0x00,0x00,0x00,0x00,0x00,
  0x00,0x00,0x00,0x00,0x00,0x00,0x00,0x00,0x00,0x00,0x00,0x00,
  0x00,0x00,0x00,0x00,0x00,0x00,0x00,0x00,0x00,0x00,0x00,0x00,
  0x00,0x00,0x00,0x00,0x00,0x00,0x00,0x00,0x00,0x00,0x00,0x00,
  0x00,0x00,0x00,0x00,0x00,0x00,0x00,0x00,0x00,0x00,0x00,0x00,
  0x00,0x00,0x00,0x00,0x00,0x00,0x00,0x00,0x00,0x00,0x00,0x00,
  0x00,0x00,0x00,0x00,0x00,0x00,0x00,0x00,0x00,0x00,0x00,0x00,
  0x00,0x00,0x00,0x00,0x00,0x00,0x00,0x06,0x00,0x00,0x00,0x00,
  0x00,0x00,0xd0,0x00,0x02,0x70,0x03,0x70,0x01,0x20,0x00,0x00,
  0x00,0x00,0x00,0x00,0x00,0x00,0x00,0x52,0x00,0x00,0x00,0x40,
  0x00,0x5d,0x80,0xb3,0x00,0x00,0x80,0x01,0xb4,0xbb,0x80,0x00,
  0x00,0x00,0x80,0x00,0x80,0x00,0x00,0x00,0x00,0x00,0x00,0x00,
  0x00,0x00,0x00,0x00,0x00,0x00,0x00,0x00,0x00,0x00,0x00,0x00,
  0x00,0x00,0x00,0x00,0x00,0x00,0x00,0x00,0x00,0x00,0x00,0x00,
  0x00,0x00,0x00,0x00,0x00,0x00,0x00,0x00,0x00,0x00,0x00,0x00,
  0x00,0x00,0x00,0x00,0x00,0x00,0x00,0x00,0x00,0x00,0x00,0x00,
  0x00,0x00,0x00,0x00,0x00,0x00,0x00,0x00,0x00,0x00,0x00,0x00,
  0x00,0x00,0x00,0x00,0x00,0x00,0x00,0x00,0x00,0x00,0x00,0x00,
  0x00,0x00,0x00,0x00,0x00,0x00,0x00,0x00,0x00,0x00,0x00,0x00,
  0x00,0x00,0x00,0x00,0x00,0x00,0x00,0x00,0x00,0x00,0x00,0x00,
  0x00,0x00,0x00,0x00,0x00,0x00,0x00,0x00,0x00,0x00,0x00,0x07,
  0x00,0x00,0x00,0x00,0x00,0x00,0xf8,0x90,0x00,0x20,0x01,0x20,
  0x01,0x00,0x00,0x00,0x00,0x00,0x00,0x00,0x00,0x00,0x00,0x60,
  0x00,0x00,0x00,0x00,0x00,0x6a,0x73,0xf3,0x20,0x00,0x00,0x01,
  0xcf,0xff,0x80,0x00,0x00,0x00,0x80,0x00,0x80,0x00,0x00,0x00,
  0x00,0x00,0x00,0x00,0x00,0x00,0x00,0x00,0x00,0x00,0x00,0x00,
  0x00,0x00,0x00,0x00,0x00,0x00,0x00,0x00,0x00,0x00,0x00,0x00,
  0x00,0x00,0x00,0x00,0x00,0x00,0x00,0x00,0x00,0x00,0x00,0x00,
  0x00,0x00,0x00,0x00,0x00,0x00,0x00,0x00,0x00,0x00,0x00,0x00,
  0x00,0x00,0x00,0x00,0x00,0x00,0x00,0x00,0x00,0x00,0x00,0x00,
  0x00,0x00,0x00,0x00,0x00,0x00,0x00,0x00,0x00,0x00,0x00,0x00,
  0x00,0x00,0x00,0x00,0x00,0x00,0x00,0x00,0x00,0x00,0x00,0x00,
  0x00,0x00,0x00,0x00,0x00,0x00,0x00,0x00,0x00,0x00,0x00,0x00,
  0x00,0x00,0x00,0x00,0x00,0x00,0x00,0x00,0x00,0x00,0x00,0x00,
  0x00,0x00,0x00,0x03,0x00,0x04,0x00,0x00,0x00,0x00,0x58,0x00,
  0x00,0xa0,0x01,0xb0,0x01,0x10,0x00,0x00,0x00,0x00,0x00,0x00,
  0x00,0x00,0x00,0x42,0x00,0x00,0x00,0x40,0x00,0x5f,0x5f,0xfb,
  0x00,0x00,0x00,0x01,0xbf,0xfd,0x80,0x00,0x00,0x00,0x80,0x00,
  0x80,0x00,0x00,0x00,0x00,0x00,0x00,0x00,0x00,0x00,0x00,0x00,
  0x00,0x00,0x00,0x00,0x00,0x00,0x00,0x00,0x00,0x00,0x00,0x00,
  0x00,0x00,0x00,0x00,0x00,0x00,0x00,0x00,0x00,0x00,0x00,0x00,
  0x00,0x00,0x00,0x00,0x00,0x00,0x00,0x00,0x00,0x00,0x00,0x00,
  0x00,0x00,0x00,0x00,0x00,0x00,0x00,0x00,0x00,0x00,0x00,0x00,
  0x00,0x00,0x00,0x00,0x00,0x00,0x00,0x00,0x00,0x00,0x00,0x00,
  0x00,0x00,0x00,0x00,0x00,0x00,0x00,0x00,0x00,0x00,0x00,0x00,
  0x00,0x00,0x00,0x00,0x00,0x00,0x00,0x00,0x00,0x00,0x00,0x00,
  0x00,0x00,0x00,0x00,0x00,0x00,0x00,0x00,0x00,0x00,0x00,0x00,
  0x00,0x00,0x00,0x00,0x00,0x00,0x00,0x03,0x00,0x00,0x00,0x00,
  0x00,0x00,0x7d,0x00,0x00,0xf8,0x00,0xd8,0x00,0x08,0x00,0x00,
  0x00,0x00,0x00,0x00,0x00,0x00,0x00,0x15,0x00,0x00,0x00,0x00,
  0x00,0x7f,0xff,0xfb,0x00,0x00,0x00,0x00,0xff,0xfe,0x80,0x00,
  0x00,0x00,0x80,0x00,0x80,0x00,0x00,0x00,0x00,0x00,0x00,0x00,
  0x00,0x00,0x00,0x00,0x00,0x00,0x00,0x00,0x00,0x00,0x00,0x00,
  0x00,0x00,0x00,0x00,0x00,0x00,0x00,0x00,0x00,0x00,0x00,0x00,
  0x00,0x00,0x00,0x00,0x00,0x00,0x00,0x00,0x00,0x00,0x00,0x00,
  0x00,0x00,0x00,0x00,0x00,0x00,0x00,0x00,0x00,0x00,0x00,0x00,
  0x00,0x00,0x00,0x00,0x00,0x00,0x00,0x00,0x00,0x00,0x00,0x00,
  0x00,0x00,0x00,0x00,0x00,0x00,0x00,0x00,0x00,0x00,0x00,0x00,
  0x00,0x00,0x00,0x00,0x00,0x00,0x00,0x00,0x00,0x00,0x00,0x00,
  0x00,0x00,0x00,0x00,0x00,0x00,0x00,0x00,0x00,0x00,0x00,0x00,
  0x00,0x00,0x00,0x00,0x00,0x00,0x00,0x00,0x00,0x00,0x00,0x00,
  0x00,0x03,0x00,0x00,0x00,0x00,0x3c,0x20,0x80,0xd8,0x00,0xd8,
  0x00,0x08,0x00,0x00,0x00,0x00,0x00,0x00,0x00,0x00,0x00,0x02,
  0x00,0x00,0x00,0x00,0x00,0x3f,0xff,0xf9,0x00,0x00,0x00,0x01,
  0xff,0xfd,0x80,0x00,0x00,0x00,0x80,0x00,0x80,0x00,0x00,0x00,
  0x00,0x00,0x00,0x00,0x00,0x00,0x00,0x00,0x00,0x00,0x00,0x00,
  0x00,0x00,0x00,0x00,0x00,0x00,0x00,0x00,0x00,0x00,0x00,0x00,
  0x00,0x00,0x00,0x00,0x00,0x00,0x00,0x00,0x00,0x00,0x00,0x00,
  0x00,0x00,0x00,0x00,0x00,0x00,0x00,0x00,0x00,0x00,0x00,0x00,
  0x00,0x00,0x00,0x00,0x00,0x00,0x00,0x00,0x00,0x00,0x00,0x00,
  0x00,0x00,0x00,0x00,0x00,0x00,0x00,0x00,0x00,0x00,0x00,0x00,
  0x00,0x00,0x00,0x00,0x00,0x00,0x00,0x00,0x00,0x00,0x00,0x00,
  0x00,0x00,0x00,0x00,0x00,0x00,0x00,0x00,0x00,0x00,0x00,0x00,
  0x00,0x00,0x00,0x00,0x00,0x00,0x00,0x00,0x00,0x00,0x00,0x00,
  0x00,0x00,0x00,0x00,0x00,0x00,0x00,0x00,0x00,0x00,0xee,0x24,
  0x00,0xdc,0x00,0x4c,0x00,0x04,0x00,0x00,0x00,0x00,0x00,0x00,
  0x00,0x00,0x00,0x11,0x00,0x00,0x00,0x00,0x00,0x1f,0x5f,0xf9,
  0x00,0x00,0x00,0x00,0xff,0xfd,0xc0,0x00,0x00,0x00,0x00,0x00,
  0x00,0x00,0x00,0x00,0x00,0x00,0x00,0x00,0x00,0x00,0x00,0x00,
  0x00,0x00,0x00,0x00,0x00,0x00,0x00,0x00,0x00,0x00,0x00,0x00,
  0x00,0x00,0x00,0x00,0x00,0x00,0x00,0x00,0x00,0x00,0x00,0x00,
  0x00,0x00,0x00,0x00,0x00,0x00,0x00,0x00,0x00,0x00,0x00,0x00,
  0x00,0x00,0x00,0x00,0x00,0x00,0x00,0x00,0x00,0x00,0x00,0x00,
  0x00,0x00,0x00,0x00,0x00,0x00,0x00,0x00,0x00,0x00,0x00,0x00,
  0x00,0x00,0x00,0x00,0x00,0x00,0x00,0x00,0x00,0x00,0x00,0x00,
  0x00,0x00,0x00,0x00,0x00,0x00,0x00,0x00,0x00,0x00,0x00,0x00,
  0x00,0x00,0x00,0x00,0x00,0x00,0x00,0x00,0x00,0x00,0x00,0x00,
  0x00,0x00,0x00,0x00,0x00,0x00,0x00,0x00,0x00,0x00,0x00,0x00,
  0x00,0x00,0x16,0x04,0xc0,0x6c,0x00,0x68,0x00,0x00,0x00,0x00,
  0x00,0x00,0x00,0x00,0x00,0x00,0x00,0x20,0x00,0x00,0x00,0x00,
  0x00,0x3f,0xff,0xfc,0x00,0x00,0x00,0x00,0xff,0xff,0x80,0x00,
  0x00,0x00,0x80,0x00,0x80,0x00,0x00,0x00,0x00,0x00,0x00,0x00,
  0x00,0x00,0x00,0x00,0x00,0x00,0x00,0x00,0x00,0x00,0x00,0x00,
  0x00,0x00,0x00,0x00,0x00,0x00,0x00,0x00,0x00,0x00,0x00,0x00,
  0x00,0x00,0x00,0x00,0x00,0x00,0x00,0x00,0x00,0x00,0x00,0x00,
  0x00,0x00,0x00,0x00,0x00,0x00,0x00,0x00,0x00,0x00,0x00,0x00,
  0x00,0x00,0x00,0x00,0x00,0x00,0x00,0x00,0x00,0x00,0x00,0x00,
  0x00,0x00,0x00,0x00,0x00,0x00,0x00,0x00,0x00,0x00,0x00,0x00,
  0x00,0x00,0x00,0x00,0x00,0x00,0x00,0x00,0x00,0x00,0x00,0x00,
  0x00,0x00,0x00,0x00,0x00,0x00,0x00,0x00,0x00,0x00,0x00,0x00,
  0x00,0x00,0x00,0x00,0x00,0x00,0x00,0x00,0x00,0x00,0x00,0x00,
  0x00,0x00,0x00,0x00,0x00,0x00,0xff,0x79,0x00,0x22,0x00,0x02,
  0x00,0x02,0x00,0x00,0x00,0x00,0x00,0x00,0x00,0x00,0x00,0x11,
  0x00,0x00,0x00,0x00,0x00,0x1f,0x7f,0xac,0x00,0x00,0x03,0x80,
  0xff,0xce,0x00,0x00,0x00,0x00,0x00,0x00,0x00,0x00,0x00,0x00,
  0x00,0x00,0x00,0x00,0x00,0x00,0x00,0x00,0x00,0x00,0x00,0x00,
  0x00,0x00,0x00,0x00,0x00,0x00,0x00,0x00,0x00,0x00,0x00,0x00,
  0x00,0x00,0x00,0x00,0x00,0x00,0x00,0x00,0x00,0x00,0x00,0x00,
  0x00,0x00,0x00,0x00,0x00,0x00,0x00,0x00,0x00,0x00,0x00,0x00,
  0x00,0x00,0x00,0x00,0x00,0x00,0x00,0x00,0x00,0x00,0x00,0x00,
  0x00,0x00,0x00,0x00,0x00,0x00,0x00,0x00,0x00,0x00,0x00,0x00,
  0x00,0x00,0x00,0x00,0x00,0x00,0x00,0x00,0x00,0x00,0x00,0x00,
  0x00,0x00,0x00,0x00,0x00,0x00,0x00,0x00,0x00,0x00,0x00,0x00,
  0x00,0x00,0x00,0x00,0x00,0x00,0x00,0x00,0x00,0x00,0x00,0x00,
  0x00,0x00,0x00,0x00,0x00,0x00,0x00,0x00,0x00,0x00,0x6f,0x2c,
  0x00,0x0f,0x00,0x0f,0x00,0x0d,0x80,0x00,0x00,0x00,0x00,0x00,
  0x00,0x00,0x00,0x03,0x00,0x00,0x00,0x00,0x00,0x1f,0xad,0x00,
  0x00,0x00,0x04,0x08,0xfe,0x00,0x40,0x00,0x00,0x00,0x00,0x00,
  0x60,0x00,0x00,0x00,0x00,0x00,0x00,0x00,0x00,0x00,0x00,0x00,
  0x00,0x00,0x00,0x00,0x00,0x00,0x00,0x00,0x00,0x00,0x00,0x00,
  0x00,0x00,0x00,0x00,0x00,0x00,0x00,0x00,0x00,0x00,0x00,0x00,
  0x00,0x00,0x00,0x00,0x00,0x00,0x00,0x00,0x00,0x00,0x00,0x00,
  0x00,0x00,0x00,0x00,0x00,0x00,0x00,0x00,0x00,0x00,0x00,0x00,
  0x00,0x00,0x00,0x00,0x00,0x00,0x00,0x00,0x00,0x00,0x00,0x00,
  0x00,0x00,0x00,0x00,0x00,0x00,0x00,0x00,0x00,0x00,0x00,0x00,
  0x00,0x00,0x00,0x00,0x00,0x00,0x00,0x00,0x00,0x00,0x00,0x00,
  0x00,0x00,0x00,0x00,0x00,0x00,0x00,0x00,0x00,0x00,0x00,0x00,
  0x00,0x00,0x00,0x00,0x00,0x00,0x00,0x00,0x00,0x00,0x00,0x00,
  0x00,0x00,0x7f,0xa4,0x00,0x1f,0x00,0x18,0x00,0x10,0x00,0x00,
  0x80,0x00,0x80,0x00,0x80,0x00,0x00,0x06,0x00,0x00,0x00,0x00,
  0x00,0x1d,0x30,0x42,0x00,0x80,0x01,0xe0,0xf0,0x80,0x80,0x00,
  0x00,0x00,0x00,0x00,0xa0,0x00,0x00,0x00,0x00,0x00,0x00,0x00,
  0x00,0x00,0x00,0x00,0x00,0x00,0x00,0x00,0x00,0x00,0x00,0x00,
  0x00,0x00,0x00,0x00,0x00,0x00,0x00,0x00,0x00,0x00,0x00,0x00,
  0x00,0x00,0x00,0x00,0x00,0x00,0x00,0x00,0x00,0x00,0x00,0x00,
  0x00,0x00,0x00,0x00,0x00,0x00,0x00,0x00,0x00,0x00,0x00,0x00,
  0x00,0x00,0x00,0x00,0x00,0x00,0x00,0x00,0x00,0x00,0x00,0x00,
  0x00,0x00,0x00,0x00,0x00,0x00,0x00,0x00,0x00,0x00,0x00,0x00,
  0x00,0x00,0x00,0x00,0x00,0x00,0x00,0x00,0x00,0x00,0x00,0x00,
  0x00,0x00,0x00,0x00,0x00,0x00,0x00,0x00,0x00,0x00,0x00,0x00,
  0x00,0x00,0x00,0x00,0x00,0x00,0x00,0x00,0x00,0x00,0x00,0x00,
  0x00,0x00,0x00,0x00,0x00,0x00,0x77,0x05,0x00,0x19,0x00,0x79,
  0x00,0x60,0xc0,0x00,0x80,0x00,0x80,0x00,0x00,0x00,0x00,0x00,
  0x00,0x00,0x00,0x00,0x00,0x10,0x01,0x00,0x01,0x00,0x17,0xc0,
  0x00,0x07,0xa0,0x00,0x00,0x00,0x00,0x00,0x60,0x00,0x00,0x00,
  0x00,0x00,0x00,0x00,0x00,0x00,0x00,0x00,0x00,0x00,0x00,0x00,
  0x00,0x00,0x00,0x00,0x00,0x00,0x00,0x00,0x00,0x00,0x00,0x00,
  0x00,0x00,0x00,0x00,0x00,0x00,0x00,0x00,0x00,0x00,0x00,0x00,
  0x00,0x00,0x00,0x00,0x00,0x00,0x00,0x00,0x00,0x00,0x00,0x00,
  0x00,0x00,0x00,0x00,0x00,0x00,0x00,0x00,0x00,0x00,0x00,0x00,
  0x00,0x00,0x00,0x00,0x00,0x00,0x00,0x00,0x00,0x00,0x00,0x00,
  0x00,0x00,0x00,0x00,0x00,0x00,0x00,0x00,0x00,0x00,0x00,0x00,
  0x00,0x00,0x00,0x00,0x00,0x00,0x00,0x00,0x00,0x00,0x00,0x00,
  0x00,0x00,0x00,0x00,0x00,0x00,0x00,0x00,0x00,0x00,0x00,0x00,
  0x00,0x00,0x00,0x00,0x00,0x00,0x00,0x00,0x00,0x00,0x00,0x63,
  0x38,0x1a,0x00,0x0a,0x00,0x02,0xc0,0x00,0xc0,0x00,0xc0,0x00,
  0x40,0x00,0x00,0x06,0x00,0x0c,0x00,0x2f,0x00,0x0c,0x00,0x07,
  0x00,0x00,0x03,0x10,0x10,0x07,0x80,0x00,0x00,0x00,0x00,0x00,
  0xa0,0x00,0x00,0x00,0x00,0x00,0x00,0x00,0x00,0x00,0x00,0x00,
  0x00,0x00,0x00,0x00,0x00,0x00,0x00,0x00,0x00,0x00,0x00,0x00,
  0x00,0x00,0x00,0x00,0x00,0x00,0x00,0x00,0x00,0x00,0x00,0x00,
  0x00,0x00,0x00,0x00,0x00,0x00,0x00,0x00,0x00,0x00,0x00,0x00,
  0x00,0x00,0x00,0x00,0x00,0x00,0x00,0x00,0x00,0x00,0x00,0x00,
  0x00,0x00,0x00,0x00,0x00,0x00,0x00,0x00,0x00,0x00,0x00,0x00,
  0x00,0x00,0x00,0x00,0x00,0x00,0x00,0x00,0x00,0x00,0x00,0x00,
  0x00,0x00,0x00,0x00,0x00,0x00,0x00,0x00,0x00,0x00,0x00,0x00,
  0x00,0x00,0x00,0x00,0x00,0x00,0x00,0x00,0x00,0x00,0x00,0x00,
  0x00,0x00,0x00,0x00,0x00,0x00,0x00,0x00,0x00,0x00,0x00,0x00,
  0x00,0x00,0x00,0x54,0x01,0x88,0x01,0x88,0x01,0x03,0x00,0x00,
  0x00,0x00,0x60,0x00,0x60,0x00,0x00,0x4e,0x00,0x00,0x00,0x0e,
  0x00,0x40,0x18,0x0f,0x00,0x00,0x02,0x00,0x18,0x0f,0x00,0x00,
  0x00,0x00,0x00,0x00,0xa0,0x00,0x00,0x00,0x00,0x00,0x00,0x00,
  0x00,0x00,0x00,0x00,0x00,0x00,0x00,0x00,0x00,0x00,0x00,0x00,
  0x00,0x00,0x00,0x00,0x00,0x00,0x00,0x00,0x00,0x00,0x00,0x00,
  0x00,0x00,0x00,0x00,0x00,0x00,0x00,0x00,0x00,0x00,0x00,0x00,
  0x00,0x00,0x00,0x00,0x00,0x00,0x00,0x00,0x00,0x00,0x00,0x00,
  0x00,0x00,0x00,0x00,0x00,0x00,0x00,0x00,0x00,0x00,0x00,0x00,
  0x00,0x00,0x00,0x00,0x00,0x00,0x00,0x00,0x00,0x00,0x00,0x00,
  0x00,0x00,0x00,0x00,0x00,0x00,0x00,0x00,0x00,0x00,0x00,0x00,
  0x00,0x00,0x00,0x00,0x00,0x00,0x00,0x00,0x00,0x00,0x00,0x00,
  0x00,0x00,0x00,0x00,0x00,0x00,0x00,0x00,0x00,0x00,0x00,0x00,
  0x00,0x00,0x00,0x00,0x00,0x00,0x00,0x14,0x02,0x00,0x03,0x08,
  0x03,0x0a,0x60,0x00,0x60,0x00,0x40,0x00,0x00,0x00,0x00,0x48,
  0x00,0x00,0x00,0x0c,0x00,0x40,0x18,0x0d,0x00,0x00,0x41,0xc0,
  0x1c,0x1f,0xc0,0x00,0x00,0x00,0x00,0x00,0xe0,0x00,0x00,0x00,
  0x00,0x00,0x00,0x00,0x00,0x00,0x00,0x00,0x00,0x00,0x00,0x00,
  0x00,0x00,0x00,0x00,0x00,0x00,0x00,0x00,0x00,0x00,0x00,0x00,
  0x00,0x00,0x00,0x00,0x00,0x00,0x00,0x00,0x00,0x00,0x00,0x00,
  0x00,0x00,0x00,0x00,0x00,0x00,0x00,0x00,0x00,0x00,0x00,0x00,
  0x00,0x00,0x00,0x00,0x00,0x00,0x00,0x00,0x00,0x00,0x00,0x00,
  0x00,0x00,0x00,0x00,0x00,0x00,0x00,0x00,0x00,0x00,0x00,0x00,
  0x00,0x00,0x00,0x00,0x00,0x00,0x00,0x00,0x00,0x00,0x00,0x00,
  0x00,0x00,0x00,0x00,0x00,0x00,0x00,0x00,0x00,0x00,0x00,0x00,
  0x00,0x00,0x00,0x00,0x00,0x00,0x00,0x00,0x00,0x00,0x00,0x00,
  0x00,0x00,0x00,0x00,0x00,0x00,0x00,0x00,0x00,0x00,0x00,0x31,
  0x06,0x05,0x06,0x09,0x04,0x08,0x20,0x00,0xa0,0x00,0xa0,0x00,
  0x00,0x00,0x00,0x00,0x00,0x00,0x00,0x00,0x00,0x20,0x0c,0x3d,
  0x00,0x00,0x80,0x10,0x3f,0xff,0x80,0x00,0x00,0x00,0x00,0x00,
  0xc0,0x00,0x00,0x00,0x00,0x00,0x00,0x00,0x00,0x00,0x00,0x00,
  0x00,0x00,0x00,0x00,0x00,0x00,0x00,0x00,0x00,0x00,0x00,0x00,
  0x00,0x00,0x00,0x00,0x00,0x00,0x00,0x00,0x00,0x00,0x00,0x00,
  0x00,0x00,0x00,0x00,0x00,0x00,0x00,0x00,0x00,0x00,0x00,0x00,
  0x00,0x00,0x00,0x00,0x00,0x00,0x00,0x00,0x00,0x00,0x00,0x00,
  0x00,0x00,0x00,0x00,0x00,0x00,0x00,0x00,0x00,0x00,0x00,0x00,
  0x00,0x00,0x00,0x00,0x00,0x00,0x00,0x00,0x00,0x00,0x00,0x00,
  0x00,0x00,0x00,0x00,0x00,0x00,0x00,0x00,0x00,0x00,0x00,0x00,
  0x00,0x00,0x00,0x00,0x00,0x00,0x00,0x00,0x00,0x00,0x00,0x00,
  0x00,0x00,0x00,0x00,0x00,0x00,0x00,0x00,0x00,0x00,0x00,0x00,
  0x00,0x00,0x04,0x01,0x00,0x08,0x00,0x04,0x00,0x04,0x20,0x00,
  0x20,0x00,0x20,0x00,0x80,0x00,0x00,0x20,0x00,0x00,0x00,0x00,
  0x00,0x20,0x1e,0x3a,0x00,0x00,0x00,0x00,0x3f,0xff,0x00,0x00,
  0x00,0x00,0x00,0x00,0x80,0x00,0x00,0x00,0x00,0x00,0x00,0x00,
  0x00,0x00,0x00,0x00,0x00,0x00,0x00,0x00,0x00,0x00,0x00,0x00,
  0x00,0x00,0x00,0x00,0x00,0x00,0x00,0x00,0x00,0x00,0x00,0x00,
  0x00,0x00,0x00,0x00,0x00,0x00,0x00,0x00,0x00,0x00,0x00,0x00,
  0x00,0x00,0x00,0x00,0x00,0x00,0x00,0x00,0x00,0x00,0x00,0x00,
  0x00,0x00,0x00,0x00,0x00,0x00,0x00,0x00,0x00,0x00,0x00,0x00,
  0x00,0x00,0x00,0x00,0x00,0x00,0x00,0x00,0x00,0x00,0x00,0x00,
  0x00,0x00,0x00,0x00,0x00,0x00,0x00,0x00,0x00,0x00,0x00,0x00,
  0x00,0x00,0x00,0x00,0x00,0x00,0x00,0x00,0x00,0x00,0x00,0x00,
  0x00,0x00,0x00,0x00,0x00,0x00,0x00,0x00,0x00,0x00,0x00,0x00,
  0x00,0x00,0x00,0x00,0x00,0x00,0x00,0x48,0x02,0x06,0x00,0x04,
  0x00,0x80,0xa0,0x00,0x40,0x00,0x50,0x00,0x10,0x00,0x00,0x11,
  0x00,0x00,0x00,0x00,0x00,0x17,0xc9,0x96,0x00,0x00,0x00,0x00,
  0xfd,0xff,0x00,0x00,0x00,0x00,0x00,0x00,0x00,0x00,0x00,0x00,
  0x00,0x00,0x00,0x00,0x00,0x00,0x00,0x00,0x00,0x00,0x00,0x00,
  0x00,0x00,0x00,0x00,0x00,0x00,0x00,0x00,0x00,0x00,0x00,0x00,
  0x00,0x00,0x00,0x00,0x00,0x00,0x00,0x00,0x00,0x00,0x00,0x00,
  0x00,0x00,0x00,0x00,0x00,0x00,0x00,0x00,0x00,0x00,0x00,0x00,
  0x00,0x00,0x00,0x00,0x00,0x00,0x00,0x00,0x00,0x00,0x00,0x00,
  0x00,0x00,0x00,0x00,0x00,0x00,0x00,0x00,0x00,0x00,0x00,0x00,
  0x00,0x00,0x00,0x00,0x00,0x00,0x00,0x00,0x00,0x00,0x00,0x00,
  0x00,0x00,0x00,0x00,0x00,0x00,0x00,0x00,0x00,0x00,0x00,0x00,
  0x00,0x00,0x00,0x00,0x00,0x00,0x00,0x00,0x00,0x00,0x00,0x00,
  0x00,0x00,0x00,0x00,0x00,0x00,0x00,0x00,0x00,0x00,0x02,0x74,
  0x00,0x02,0x00,0x02,0x00,0xf0,0x38,0x00,0x90,0x00,0x10,0x00,
  0x00,0x00,0x00,0x01,0x00,0x00,0x00,0x00,0x00,0x17,0x23,0xd6,
  0x00,0x00,0x00,0x00,0xc7,0xff,0x00,0x00,0x00,0x00,0x00,0x00,
  0xc0,0x00,0x00,0x00,0x00,0x00,0x00,0x00,0x00,0x00,0x00,0x00,
  0x00,0x00,0x00,0x00,0x00,0x00,0x00,0x00,0x00,0x00,0x00,0x00,
  0x00,0x00,0x00,0x00,0x00,0x00,0x00,0x00,0x00,0x00,0x00,0x00,
  0x00,0x00,0x00,0x00,0x00,0x00,0x00,0x00,0x00,0x00,0x00,0x00,
  0x00,0x00,0x00,0x00,0x00,0x00,0x00,0x00,0x00,0x00,0x00,0x00,
  0x00,0x00,0x00,0x00,0x00,0x00,0x00,0x00,0x00,0x00,0x00,0x00,
  0x00,0x00,0x00,0x00,0x00,0x00,0x00,0x00,0x00,0x00,0x00,0x00,
  0x00,0x00,0x00,0x00,0x00,0x00,0x00,0x00,0x00,0x00,0x00,0x00,
  0x00,0x00,0x00,0x00,0x00,0x00,0x00,0x00,0x00,0x00,0x00,0x00,
  0x00,0x00,0x00,0x00,0x00,0x00,0x00,0x00,0x00,0x00,0x00,0x00,
  0x00,0x00,0x01,0x80,0x00,0x01,0x00,0x03,0x00,0x72,0x10,0x00,
  0x18,0x00,0x18,0x00,0x20,0x00,0x00,0x00,0x00,0x00,0x00,0x00,
  0x00,0x07,0x07,0x16,0x00,0x00,0x00,0x00,0xff,0xbf,0x40,0x00,
  0x00,0x00,0x00,0x00,0xe0,0x00,0x00,0x00,0x00,0x00,0x00,0x00,
  0x00,0x00,0x00,0x00,0x00,0x00,0x00,0x00,0x00,0x00,0x00,0x00,
  0x00,0x00,0x00,0x00,0x00,0x00,0x00,0x00,0x00,0x00,0x00,0x00,
  0x00,0x00,0x00,0x00,0x00,0x00,0x00,0x00,0x00,0x00,0x00,0x00,
  0x00,0x00,0x00,0x00,0x00,0x00,0x00,0x00,0x00,0x00,0x00,0x00,
  0x00,0x00,0x00,0x00,0x00,0x00,0x00,0x00,0x00,0x00,0x00,0x00,
  0x00,0x00,0x00,0x00,0x00,0x00,0x00,0x00,0x00,0x00,0x00,0x00,
  0x00,0x00,0x00,0x00,0x00,0x00,0x00,0x00,0x00,0x00,0x00,0x00,
  0x00,0x00,0x00,0x00,0x00,0x00,0x00,0x00,0x00,0x00,0x00,0x00,
  0x00,0x00,0x00,0x00,0x00,0x00,0x00,0x00,0x00,0x00,0x00,0x00,
  0x00,0x00,0x00,0x00,0x00,0x00,0x04,0x90,0x00,0x09,0x00,0x01,
  0x07,0x00,0x08,0x00,0x0c,0x00,0x0c,0x00,0x00,0x00,0x00,0x00,
  0x00,0x00,0x00,0x00,0x00,0x02,0x82,0xfc,0x04,0x00,0x00,0x00,
  0xc9,0xfe,0x40,0x00,0x00,0x00,0x00,0x00,0xe0,0x00,0x00,0x00,
  0x00,0x00,0x00,0x00,0x00,0x00,0x00,0x00,0x00,0x00,0x00,0x00,
  0x00,0x00,0x00,0x00,0x00,0x00,0x00,0x00,0x00,0x00,0x00,0x00,
  0x00,0x00,0x00,0x00,0x00,0x00,0x00,0x00,0x00,0x00,0x00,0x00,
  0x00,0x00,0x00,0x00,0x00,0x00,0x00,0x00,0x00,0x00,0x00,0x00,
  0x00,0x00,0x00,0x00,0x00,0x00,0x00,0x00,0x00,0x00,0x00,0x00,
  0x00,0x00,0x00,0x00,0x00,0x00,0x00,0x00,0x00,0x00,0x00,0x00,
  0x00,0x00,0x00,0x00,0x00,0x00,0x00,0x00,0x00,0x00,0x00,0x00,
  0x00,0x00,0x00,0x00,0x00,0x00,0x00,0x00,0x00,0x00,0x00,0x00,
  0x00,0x00,0x00,0x00,0x00,0x00,0x00,0x00,0x00,0x00,0x00,0x00,
  0x00,0x00,0x00,0x00,0x00,0x00,0x00,0x00,0x00,0x00,0x0f,0xe5,
  0x00,0x10,0x00,0x10,0x0f,0xc4,0x00,0x00,0x04,0x00,0x8c,0x00,
  0xa4,0x00,0x00,0x00,0x00,0x00,0x00,0x00,0x00,0x03,0x5f,0x7c,
  0x00,0x00,0x00,0x00,0xff,0xfd,0xd8,0x00,0x00,0x00,0x00,0x00,
  0xfc,0x00,0x00,0x00,0x00,0x00,0x00,0x00,0x00,0x00,0x00,0x00,
  0x00,0x00,0x00,0x00,0x00,0x00,0x00,0x00,0x00,0x00,0x00,0x00,
  0x00,0x00,0x00,0x00,0x00,0x00,0x00,0x00,0x00,0x00,0x00,0x00,
  0x00,0x00,0x00,0x00,0x00,0x00,0x00,0x00,0x00,0x00,0x00,0x00,
  0x00,0x00,0x00,0x00,0x00,0x00,0x00,0x00,0x00,0x00,0x00,0x00,
  0x00,0x00,0x00,0x00,0x00,0x00,0x00,0x00,0x00,0x00,0x00,0x00,
  0x00,0x00,0x00,0x00,0x00,0x00,0x00,0x00,0x00,0x00,0x00,0x00,
  0x00,0x00,0x00,0x00,0x00,0x00,0x00,0x00,0x00,0x00,0x00,0x00,
  0x00,0x00,0x00,0x00,0x00,0x00,0x00,0x00,0x00,0x00,0x00,0x00,
  0x00,0x00,0x00,0x00,0x00,0x00,0x00,0x00,0x00,0x00,0x00,0x00,
  0x00,0x00,0x01,0xe6,0x00,0x00,0x00,0x00,0x0f,0xce,0x76,0x00,
  0xd6,0x00,0x86,0x00,0x02,0x00,0x00,0x00,0x00,0x00,0x00,0x00,
  0x00,0x01,0x00,0xf8,0x00,0x00,0x00,0x00,0xf1,0xfd,0xdf,0xf8,
  0x00,0xf8,0x00,0x00,0xfe,0xf8,0x7f,0x00,0x00,0x00,0x00,0x00,
  0xff,0x00,0x00,0x00,0x00,0x00,0x00,0x00,0x00,0x00,0x00,0x00,
  0x00,0x00,0x00,0x00,0x00,0x00,0x00,0x00,0x00,0x00,0x00,0x00,
  0x00,0x00,0x00,0x00,0x00,0x00,0x00,0x00,0x00,0x00,0x00,0x00,
  0x00,0x00,0x00,0x00,0x00,0x00,0x00,0x00,0x00,0x00,0x00,0x00,
  0x00,0x00,0x00,0x00,0x00,0x00,0x00,0x00,0x00,0x00,0x00,0x00,
  0x00,0x00,0x00,0x00,0x00,0x00,0x00,0x00,0x00,0x00,0x00,0x00,
  0x00,0x00,0x00,0x00,0x00,0x00,0x00,0x00,0x00,0x00,0x00,0x00,
  0x00,0x00,0x00,0x00,0x00,0x00,0x00,0x00,0x00,0x00,0x00,0x00,
  0x00,0x00,0x00,0x00,0x00,0x00,0x00,0x00,0x00,0x00,0x00,0x00,
  0x00,0x00,0x00,0x00,0x00,0x00,0x3e,0x66,0x00,0x00,0x00,0x00,
  0x3f,0xff,0x04,0x00,0x0c,0x00,0x46,0x00,0x42,0x00,0x00,0x00,
  0x00,0x00,0x00,0x00,0x00,0x00,0x03,0xf1,0x00,0x00,0x00,0x00,
  0xff,0xfb,0xfd,0xf1,0x01,0xe0,0x00,0x00,0xfd,0xe7,0xff,0xc0,
  0x00,0x00,0x00,0x00,0xff,0xc0,0x00,0x00,0x00,0x00,0x00,0x00,
  0x00,0x00,0x00,0x00,0x00,0x00,0x00,0x00,0x00,0x00,0x00,0x00,
  0x00,0x00,0x00,0x00,0x00,0x00,0x00,0x00,0x00,0x00,0x00,0x00,
  0x00,0x00,0x00,0x00,0x00,0x00,0x00,0x00,0x00,0x00,0x00,0x00,
  0x00,0x00,0x00,0x00,0x00,0x00,0x00,0x00,0x00,0x00,0x00,0x00,
  0x00,0x00,0x00,0x00,0x00,0x00,0x00,0x00,0x00,0x00,0x00,0x00,
  0x00,0x00,0x00,0x00,0x00,0x00,0x00,0x00,0x00,0x00,0x00,0x00,
  0x00,0x00,0x00,0x00,0x00,0x00,0x00,0x00,0x00,0x00,0x00,0x00,
  0x00,0x00,0x00,0x00,0x00,0x00,0x00,0x00,0x00,0x00,0x00,0x00,
  0x00,0x00,0x00,0x00,0x00,0x00,0x00,0x00,0x00,0x00,0x2f,0x83,
  0x00,0x00,0x01,0x00,0x3f,0xf7,0x84,0x00,0x38,0x00,0x18,0x00,
  0x98,0x00,0x00,0x00,0x00,0x00,0x00,0x00,0x00,0x00,0x0f,0xe1,
  0x00,0x00,0x00,0x00,0x7f,0xf3,0xfb,0xc7,0x03,0xe0,0x80,0x00,
  0xfb,0xef,0xff,0xf0,0x00,0x00,0x01,0x00,0xff,0xf0,0x00,0x00,
  0x00,0x00,0x00,0x00,0x00,0x00,0x00,0x00,0x00,0x00,0x00,0x00,
  0x00,0x00,0x00,0x00,0x00,0x00,0x00,0x00,0x00,0x00,0x00,0x00,
  0x00,0x00,0x00,0x00,0x00,0x00,0x00,0x00,0x00,0x00,0x00,0x00,
  0x00,0x00,0x00,0x00,0x00,0x00,0x00,0x00,0x00,0x00,0x00,0x00,
  0x00,0x00,0x00,0x00,0x00,0x00,0x00,0x00,0x00,0x00,0x00,0x00,
  0x00,0x00,0x00,0x00,0x00,0x00,0x00,0x00,0x00,0x00,0x00,0x00,
  0x00,0x00,0x00,0x00,0x00,0x00,0x00,0x00,0x00,0x00,0x00,0x00,
  0x00,0x00,0x00,0x00,0x00,0x00,0x00,0x00,0x00,0x00,0x00,0x00,
  0x00,0x00,0x00,0x00,0x00,0x00,0x00,0x00,0x00,0x00,0x00,0x00,
  0x00,0x00,0x73,0x81,0x00,0x00,0x00,0x00,0x7f,0xb7,0x80,0x00,
  0x36,0x00,0x16,0x00,0x80,0x00,0x00,0x00,0x00,0x00,0x00,0x00,
  0x00,0x00,0x0f,0xc3,0x00,0x00,0x00,0x00,0x3f,0xe7,0xc7,0xe8,
  0x07,0xc0,0x00,0x00,0xf7,0xdf,0x5f,0xf0,0x00,0x00,0x00,0x00,
  0xff,0xf8,0x00,0x00,0x00,0x00,0x00,0x00,0x00,0x00,0x00,0x00,
  0x00,0x00,0x00,0x00,0x00,0x00,0x00,0x00,0x00,0x00,0x00,0x00,
  0x00,0x00,0x00,0x00,0x00,0x00,0x00,0x00,0x00,0x00,0x00,0x00,
  0x00,0x00,0x00,0x00,0x00,0x00,0x00,0x00,0x00,0x00,0x00,0x00,
  0x00,0x00,0x00,0x00,0x00,0x00,0x00,0x00,0x00,0x00,0x00,0x00,
  0x00,0x00,0x00,0x00,0x00,0x00,0x00,0x00,0x00,0x00,0x00,0x00,
  0x00,0x00,0x00,0x00,0x00,0x00,0x00,0x00,0x00,0x00,0x00,0x00,
  0x00,0x00,0x00,0x00,0x00,0x00,0x00,0x00,0x00,0x00,0x00,0x00,
  0x00,0x00,0x00,0x00,0x00,0x00,0x00,0x00,0x00,0x00,0x00,0x00,
  0x00,0x00,0x00,0x00,0x00,0x00,0x7c,0x40,0x00,0x00,0x00,0x00,
  0x7f,0xf1,0xb0,0x00,0x0c,0x00,0x00,0x00,0x80,0x00,0x00,0x00,
  0x00,0x00,0x00,0x00,0x00,0x00,0x08,0x07,0x00,0x00,0x00,0x00,
  0xbf,0xcf,0xef,0xc3,0x0f,0x80,0x00,0x00,0xff,0x9f,0xff,0xe8,
  0x00,0x00,0x00,0x00,0xff,0xfc,0x00,0x00,0x00,0x00,0x00,0x00,
  0x00,0x00,0x00,0x00,0x00,0x00,0x00,0x00,0x00,0x00,0x00,0x00,
  0x00,0x00,0x00,0x00,0x00,0x00,0x00,0x00,0x00,0x00,0x00,0x00,
  0x00,0x00,0x00,0x00,0x00,0x00,0x00,0x00,0x00,0x00,0x00,0x00,
  0x00,0x00,0x00,0x00,0x00,0x00,0x00,0x00,0x00,0x00,0x00,0x00,
  0x00,0x00,0x00,0x00,0x00,0x00,0x00,0x00,0x00,0x00,0x00,0x00,
  0x00,0x00,0x00,0x00,0x00,0x00,0x00,0x00,0x00,0x00,0x00,0x00,
  0x00,0x00,0x00,0x00,0x00,0x00,0x00,0x00,0x00,0x00,0x00,0x00,
  0x00,0x00,0x00,0x00,0x00,0x00,0x00,0x00,0x00,0x00,0x00,0x00,
  0x00,0x00,0x00,0x00,0x00,0x00,0x00,0x00,0x00,0x00,0x0a,0x00,
  0x00,0x00,0x00,0x00,0x0f,0xc3,0xf0,0x00,0x00,0x00,0x00,0x00,
  0xc0,0x01,0x7f,0x7c,0x00,0x48,0x00,0x30,0xff,0x30,0x00,0x0f,
  0x00,0x00,0x00,0x00,0xc0,0x1f,0x1a,0x9f,0x1f,0x00,0x00,0x00,
  0xff,0x3f,0xff,0xf8,0x00,0x00,0x00,0x00,0xff,0xfe,0x00,0x00,
  0x00,0x00,0x00,0x00,0x00,0x00,0x00,0x00,0x00,0x00,0x00,0x00,
  0x00,0x00,0x00,0x00,0x00,0x00,0x00,0x00,0x00,0x00,0x00,0x00,
  0x00,0x00,0x00,0x00,0x00,0x00,0x00,0x00,0x00,0x00,0x00,0x00,
  0x00,0x00,0x00,0x00,0x00,0x00,0x00,0x00,0x00,0x00,0x00,0x00,
  0x00,0x00,0x00,0x00,0x00,0x00,0x00,0x00,0x00,0x00,0x00,0x00,
  0x00,0x00,0x00,0x00,0x00,0x00,0x00,0x00,0x00,0x00,0x00,0x00,
  0x00,0x00,0x00,0x00,0x00,0x00,0x00,0x00,0x00,0x00,0x00,0x00,
  0x00,0x00,0x00,0x00,0x00,0x00,0x00,0x00,0x00,0x00,0x00,0x00,
  0x00,0x00,0x00,0x00,0x00,0x00,0x00,0x00,0x00,0x01,0x00,0x00,
  0x00,0x00,0xe1,0x01,0xe0,0x00,0x00,0x00,0x03,0x07,0xc0,0x00,
  0x00,0x00,0x00,0x00,0xc0,0x07,0xf8,0x34,0x00,0xb8,0x00,0x40,
  0xff,0x40,0x00,0x1b,0x00,0x00,0x00,0x00,0xe0,0x3f,0xbb,0x9f,
  0x1f,0x00,0x00,0x00,0xdf,0x7f,0xff,0xfe,0x00,0x00,0x00,0x00,
  0xff,0xfe,0x00,0x00,0x00,0x00,0x00,0x00,0x00,0x00,0x00,0x00,
  0x00,0x00,0x00,0x00,0x00,0x00,0x00,0x00,0x00,0x00,0x00,0x00,
  0x00,0x00,0x00,0x00,0x00,0x00,0x00,0x00,0x00,0x00,0x00,0x00,
  0x00,0x00,0x00,0x00,0x00,0x00,0x00,0x00,0x00,0x00,0x00,0x00,
  0x00,0x00,0x00,0x00,0x00,0x00,0x00,0x00,0x00,0x00,0x00,0x00,
  0x00,0x00,0x00,0x00,0x00,0x00,0x00,0x00,0x00,0x00,0x00,0x00,
  0x00,0x00,0x00,0x00,0x00,0x00,0x00,0x00,0x00,0x00,0x00,0x00,
  0x00,0x00,0x00,0x00,0x00,0x00,0x00,0x00,0x00,0x00,0x00,0x00,
  0x00,0x00,0x00,0x00,0x00,0x00,0x00,0x00,0x00,0x00,0x00,0x03,
  0x00,0x03,0x00,0x03,0x00,0x03,0xe0,0x03,0xf8,0x00,0xf0,0x00,
  0xf0,0x0f,0x80,0x0e,0x00,0x00,0x00,0x00,0xc0,0x0f,0xfe,0x01,
  0x00,0x00,0x00,0x00,0xfe,0x01,0x00,0x1c,0x00,0x00,0x00,0x00,
  0x77,0xbf,0x24,0x3f,0x3f,0x00,0x00,0x00,0xbf,0x7f,0xff,0xff,
  0x00,0x00,0x00,0x00,0xff,0xff,0x00,0x00,0x00,0x00,0x00,0x00,
  0x00,0x00,0x00,0x00,0x00,0x00,0x00,0x00,0x00,0x00,0x00,0x00,
  0x00,0x00,0x00,0x00,0x00,0x00,0x00,0x00,0x00,0x00,0x00,0x00,
  0x00,0x00,0x00,0x00,0x00,0x00,0x00,0x00,0x00,0x00,0x00,0x00,
  0x00,0x00,0x00,0x00,0x00,0x00,0x00,0x00,0x00,0x00,0x00,0x00,
  0x00,0x00,0x00,0x00,0x00,0x00,0x00,0x00,0x00,0x00,0x00,0x00,
  0x00,0x00,0x00,0x00,0x00,0x00,0x00,0x00,0x00,0x00,0x00,0x00,
  0x00,0x00,0x00,0x00,0x00,0x00,0x00,0x00,0x00,0x00,0x00,0x00,
  0x00,0x00,0x00,0x00,0x00,0x00,0x00,0x00,0x00,0x00,0x00,0x00,
  0x00,0x00,0x00,0x00,0x00,0x02,0x00,0x00,0x00,0x00,0xa0,0x87,
  0x04,0x00,0x10,0x00,0x10,0x0f,0x80,0x1b,0x00,0x00,0x00,0x00,
  0xc0,0x1f,0xfc,0x00,0x00,0x00,0x00,0x00,0xfe,0x93,0x20,0x30,
  0x00,0x00,0x00,0x00,0x77,0x7f,0x6b,0x1f,0x7e,0x00,0x00,0x00,
  0x7e,0x7f,0xff,0xff,0x00,0x00,0x50,0x00,0xff,0xff,0x00,0x00,
  0x00,0x00,0x00,0x00,0x00,0x00,0x00,0x00,0x00,0x00,0x00,0x00,
  0x00,0x00,0x00,0x00,0x00,0x00,0x00,0x00,0x00,0x00,0x00,0x00,
  0x00,0x00,0x00,0x00,0x00,0x00,0x00,0x00,0x00,0x00,0x00,0x00,
  0x00,0x00,0x00,0x00,0x00,0x00,0x00,0x00,0x00,0x00,0x00,0x00,
  0x00,0x00,0x00,0x00,0x00,0x00,0x00,0x00,0x00,0x00,0x00,0x00,
  0x00,0x00,0x00,0x00,0x00,0x00,0x00,0x00,0x00,0x00,0x00,0x00,
  0x00,0x00,0x00,0x00,0x00,0x00,0x00,0x00,0x00,0x00,0x00,0x00,
  0x00,0x00,0x00,0x00,0x00,0x00,0x00,0x00,0x00,0x00,0x00,0x00,
  0x00,0x00,0x00,0x00,0x00,0x00,0x00,0x00,0x00,0x01,0x00,0x00,
  0x00,0x00,0x03,0x8f,0xd0,0x00,0x18,0x00,0x18,0x0f,0x80,0x37,
  0x00,0x00,0x00,0x00,0xc0,0x1f,0xfc,0x00,0x00,0x00,0x80,0x00,
  0xfd,0xe8,0x30,0x4e,0x00,0x00,0x00,0x00,0x3b,0xfe,0x02,0x3f,
  0x02,0x00,0x00,0x00,0x02,0x7f,0xff,0xfd,0x00,0x00,0x00,0x00,
  0xff,0xff,0x00,0x00,0x00,0x00,0x00,0x00,0x00,0x00,0x00,0x00,
  0x00,0x00,0x00,0x00,0x00,0x00,0x00,0x00,0x00,0x00,0x00,0x00,
  0x00,0x00,0x00,0x00,0x00,0x00,0x00,0x00,0x00,0x00,0x00,0x00,
  0x00,0x00,0x00,0x00,0x00,0x00,0x00,0x00,0x00,0x00,0x00,0x00,
  0x00,0x00,0x00,0x00,0x00,0x00,0x00,0x00,0x00,0x00,0x00,0x00,
  0x00,0x00,0x00,0x00,0x00,0x00,0x00,0x00,0x00,0x00,0x00,0x00,
  0x00,0x00,0x00,0x00,0x00,0x00,0x00,0x00,0x00,0x00,0x00,0x00,
  0x00,0x00,0x00,0x00,0x00,0x00,0x00,0x00,0x00,0x00,0x00,0x00,
  0x00,0x00,0x00,0x00,0x00,0x00,0x00,0x00,0x00,0x00,0x00,0x01,
  0x00,0x00,0x00,0x00,0x00,0x00,0xf3,0x4f,0x00,0x00,0x08,0x00,
  0x08,0x1f,0x00,0x2f,0x00,0x00,0x00,0x00,0x80,0x3f,0xf8,0x17,
  0x00,0x10,0x00,0x00,0xfb,0xd7,0x10,0x1d,0x00,0x01,0x00,0x01,
  0xbe,0xfd,0xe2,0x3f,0xf0,0x00,0xfc,0x00,0xfc,0x7f,0xff,0xfd,
  0x00,0x00,0x20,0x00,0xff,0xff,0x80,0x00,0x00,0x00,0x00,0x00,
  0x80,0x00,0x00,0x00,0x00,0x00,0x00,0x00,0x00,0x00,0x00,0x00,
  0x00,0x00,0x00,0x00,0x00,0x00,0x00,0x00,0x00,0x00,0x00,0x00,
  0x00,0x00,0x00,0x00,0x00,0x00,0x00,0x00,0x00,0x00,0x00,0x00,
  0x00,0x00,0x00,0x00,0x00,0x00,0x00,0x00,0x00,0x00,0x00,0x00,
  0x00,0x00,0x00,0x00,0x00,0x00,0x00,0x00,0x00,0x00,0x00,0x00,
  0x00,0x00,0x00,0x00,0x00,0x00,0x00,0x00,0x00,0x00,0x00,0x00,
  0x00,0x00,0x00,0x00,0x00,0x00,0x00,0x00,0x00,0x00,0x00,0x00,
  0x00,0x00,0x00,0x00,0x00,0x00,0x00,0x00,0x00,0x00,0x00,0x00,
  0x00,0x00,0x00,0x00,0x00,0x00,0x00,0x00,0x00,0x00,0xc1,0x8e,
  0x28,0x00,0x04,0x00,0x04,0x3f,0x00,0x7f,0x00,0x00,0x00,0x00,
  0x00,0x7f,0xc6,0x13,0x00,0x10,0x00,0x00,0xf1,0x9f,0xc0,0xf4,
  0x00,0x01,0x00,0x01,0xfb,0xfc,0x03,0x1f,0x0c,0x00,0xfc,0x00,
  0xf8,0xff,0xff,0xfe,0x00,0x00,0x00,0x00,0xff,0xff,0x80,0x00,
  0x00,0x00,0x00,0x00,0x80,0x00,0x00,0x00,0x00,0x00,0x00,0x00,
  0x00,0x00,0x00,0x00,0x00,0x00,0x00,0x00,0x00,0x00,0x00,0x00,
  0x00,0x00,0x00,0x00,0x00,0x00,0x00,0x00,0x00,0x00,0x00,0x00,
  0x00,0x00,0x00,0x00,0x00,0x00,0x00,0x00,0x00,0x00,0x00,0x00,
  0x00,0x00,0x00,0x00,0x00,0x00,0x00,0x00,0x00,0x00,0x00,0x00,
  0x00,0x00,0x00,0x00,0x00,0x00,0x00,0x00,0x00,0x00,0x00,0x00,
  0x00,0x00,0x00,0x00,0x00,0x00,0x00,0x00,0x00,0x00,0x00,0x00,
  0x00,0x00,0x00,0x00,0x00,0x00,0x00,0x00,0x00,0x00,0x00,0x00,
  0x00,0x00,0x00,0x00,0x00,0x00,0x00,0x00,0x00,0x00,0x00,0x00,
  0x00,0x00,0xf3,0x0c,0x00,0x00,0x04,0x00,0x04,0x3e,0x00,0x7f,
  0x00,0x00,0x00,0x00,0x00,0x7f,0xbf,0x37,0x00,0x30,0x00,0x00,
  0xc0,0x3f,0xe7,0xf5,0x00,0x04,0x00,0x00,0xf7,0xfc,0xe4,0x1f,
  0x18,0x00,0x18,0x00,0x08,0x7f,0xff,0xfe,0x00,0x00,0x00,0x00,
  0xff,0xff,0x80,0x00,0x00,0x00,0x00,0x00,0x80,0x00,0x00,0x00,
  0x00,0x00,0x00,0x00,0x00,0x00,0x00,0x00,0x00,0x00,0x00,0x00,
  0x00,0x00,0x00,0x00,0x00,0x00,0x00,0x00,0x00,0x00,0x00,0x00,
  0x00,0x00,0x00,0x00,0x00,0x00,0x00,0x00,0x00,0x00,0x00,0x00,
  0x00,0x00,0x00,0x00,0x00,0x00,0x00,0x00,0x00,0x00,0x00,0x00,
  0x00,0x00,0x00,0x00,0x00,0x00,0x00,0x00,0x00,0x00,0x00,0x00,
  0x00,0x00,0x00,0x00,0x00,0x00,0x00,0x00,0x00,0x00,0x00,0x00,
  0x00,0x00,0x00,0x00,0x00,0x00,0x00,0x00,0x00,0x00,0x00,0x00,
  0x00,0x00,0x00,0x00,0x00,0x00,0x00,0x00,0x00,0x00,0x00,0x00,
  0x00,0x00,0x00,0x00,0x00,0x00,0x28,0x60,0x06,0x00,0x00,0x00,
  0x00,0xf8,0x00,0x3d,0x00,0x00,0x00,0x00,0x00,0xff,0xc7,0xe3,
  0x3f,0x30,0x3f,0x00,0xbf,0x3f,0xcf,0xdc,0x00,0x1c,0x00,0x00,
  0xff,0xfc,0x06,0x6f,0x00,0x00,0x00,0x00,0x00,0xff,0xff,0xfc,
  0x00,0x00,0x00,0x00,0xff,0xff,0x00,0x00,0x00,0x00,0x00,0x00,
  0x80,0x00,0x00,0x00,0x00,0x00,0x00,0x00,0x00,0x00,0x00,0x00,
  0x00,0x00,0x00,0x00,0x00,0x00,0x00,0x00,0x00,0x00,0x00,0x00,
  0x00,0x00,0x00,0x00,0x00,0x00,0x00,0x00,0x00,0x00,0x00,0x00,
  0x00,0x00,0x00,0x00,0x00,0x00,0x00,0x00,0x00,0x00,0x00,0x00,
  0x00,0x00,0x00,0x00,0x00,0x00,0x00,0x00,0x00,0x00,0x00,0x00,
  0x00,0x00,0x00,0x00,0x00,0x00,0x00,0x00,0x00,0x00,0x00,0x00,
  0x00,0x00,0x00,0x00,0x00,0x00,0x00,0x00,0x00,0x00,0x00,0x00,
  0x00,0x00,0x00,0x00,0x00,0x00,0x00,0x00,0x00,0x00,0x00,0x00,
  0x00,0x00,0x00,0x00,0x00,0x00,0x00,0x00,0x00,0x00,0x3c,0x04,
  0x00,0x00,0x00,0x00,0x00,0xec,0x00,0x0a,0x00,0x00,0x00,0x00,
  0x00,0xff,0x20,0x5b,0x7d,0x28,0x0e,0x00,0x82,0x2f,0xcf,0x39,
  0x00,0x3a,0x00,0x00,0xff,0xb8,0xe0,0x77,0x00,0x00,0x00,0x00,
  0x00,0xff,0xff,0xfc,0x00,0x00,0x00,0x00,0xff,0xff,0x00,0x00,
  0x00,0x00,0x00,0x00,0x80,0x00,0x00,0x00,0x00,0x00,0x00,0x00,
  0x00,0x00,0x00,0x00,0x00,0x00,0x00,0x00,0x00,0x00,0x00,0x00,
  0x00,0x00,0x00,0x00,0x00,0x00,0x00,0x00,0x00,0x00,0x00,0x00,
  0x00,0x00,0x00,0x00,0x00,0x00,0x00,0x00,0x00,0x00,0x00,0x00,
  0x00,0x00,0x00,0x00,0x00,0x00,0x00,0x00,0x00,0x00,0x00,0x00,
  0x00,0x00,0x00,0x00,0x00,0x00,0x00,0x00,0x00,0x00,0x00,0x00,
  0x00,0x00,0x00,0x00,0x00,0x00,0x00,0x00,0x00,0x00,0x00,0x00,
  0x00,0x00,0x00,0x00,0x00,0x00,0x00,0x00,0x00,0x00,0x00,0x00,
  0x00,0x00,0x00,0x00,0x00,0x00,0x00,0x00,0x00,0x00,0x00,0x00,
  0x00,0x00,0x00,0x14,0x00,0x00,0x00,0x00,0x01,0xdc,0x01,0xf2,
  0x00,0x00,0x00,0x00,0x01,0xfd,0x3f,0xdc,0x00,0x3c,0x00,0x00,
  0x00,0x3c,0x81,0xf6,0x00,0xf7,0x00,0x07,0xbc,0xf7,0xb9,0x7d,
  0xb1,0x00,0xf0,0x00,0xf1,0xff,0xff,0xfc,0x00,0x00,0x00,0x00,
  0xff,0xff,0x00,0x00,0x00,0x00,0x00,0x00,0x00,0x00,0x00,0x00,
  0x00,0x00,0x00,0x00,0x00,0x00,0x00,0x00,0x00,0x00,0x00,0x00,
  0x00,0x00,0x00,0x00,0x00,0x00,0x00,0x00,0x00,0x00,0x00,0x00,
  0x00,0x00,0x00,0x00,0x00,0x00,0x00,0x00,0x00,0x00,0x00,0x00,
  0x00,0x00,0x00,0x00,0x00,0x00,0x00,0x00,0x00,0x00,0x00,0x00,
  0x00,0x00,0x00,0x00,0x00,0x00,0x00,0x00,0x00,0x00,0x00,0x00,
  0x00,0x00,0x00,0x00,0x00,0x00,0x00,0x00,0x00,0x00,0x00,0x00,
  0x00,0x00,0x00,0x00,0x00,0x00,0x00,0x00,0x00,0x00,0x00,0x00,
  0x00,0x00,0x00,0x00,0x00,0x00,0x00,0x00,0x00,0x00,0x00,0x00,
  0x00,0x00,0x00,0x00,0x00,0x00,0x00,0x14,0x00,0x00,0x00,0x00,
  0x00,0x7e,0x07,0xfc,0x00,0x00,0x00,0x00,0x07,0xff,0x00,0x9b,
  0x00,0x3f,0x00,0x00,0x00,0x3f,0x6f,0xf0,0x0f,0x76,0x00,0x07,
  0x8f,0x71,0x1d,0x5e,0xc1,0x00,0xe0,0x00,0x21,0xff,0xff,0xf8,
  0x00,0x00,0x00,0x00,0xff,0xff,0x40,0x00,0x00,0x00,0x00,0x00,
  0x00,0x00,0x00,0x00,0x00,0x00,0x00,0x00,0x00,0x00,0x00,0x00,
  0x00,0x00,0x00,0x00,0x00,0x00,0x00,0x00,0x00,0x00,0x00,0x00,
  0x00,0x00,0x00,0x00,0x00,0x00,0x00,0x00,0x00,0x00,0x00,0x00,
  0x00,0x00,0x00,0x00,0x00,0x00,0x00,0x00,0x00,0x00,0x00,0x00,
  0x00,0x00,0x00,0x00,0x00,0x00,0x00,0x00,0x00,0x00,0x00,0x00,
  0x00,0x00,0x00,0x00,0x00,0x00,0x00,0x00,0x00,0x00,0x00,0x00,
  0x00,0x00,0x00,0x00,0x00,0x00,0x00,0x00,0x00,0x00,0x00,0x00,
  0x00,0x00,0x00,0x00,0x00,0x00,0x00,0x00,0x00,0x00,0x00,0x00,
  0x00,0x00,0x00,0x00,0x00,0x00,0x00,0x00,0x00,0x00,0x00,0x06,
  0x00,0x00,0x00,0x00,0x00,0xfe,0x0f,0xfe,0x00,0x00,0x00,0x00,
  0x1f,0xff,0x3e,0x3f,0x40,0x7f,0x00,0x00,0x00,0x7f,0x7f,0xf7,
  0x7f,0xf0,0x00,0x00,0x7f,0xf0,0xd5,0x63,0x21,0x00,0x00,0x00,
  0x01,0xff,0xff,0xf0,0x00,0x00,0x00,0x00,0xff,0xfe,0x40,0x00,
  0x00,0x00,0x00,0x00,0xc0,0x00,0x00,0x00,0x00,0x00,0x00,0x00,
  0x00,0x00,0x00,0x00,0x00,0x00,0x00,0x00,0x00,0x00,0x00,0x00,
  0x00,0x00,0x00,0x00,0x00,0x00,0x00,0x00,0x00,0x00,0x00,0x00,
  0x00,0x00,0x00,0x00,0x00,0x00,0x00,0x00,0x00,0x00,0x00,0x00,
  0x00,0x00,0x00,0x00,0x00,0x00,0x00,0x00,0x00,0x00,0x00,0x00,
  0x00,0x00,0x00,0x00,0x00,0x00,0x00,0x00,0x00,0x00,0x00,0x00,
  0x00,0x00,0x00,0x00,0x00,0x00,0x00,0x00,0x00,0x00,0x00,0x00,
  0x00,0x00,0x00,0x00,0x00,0x00,0x00,0x00,0x00,0x00,0x00,0x00,
  0x00,0x00,0x00,0x00,0x00,0x00,0x00,0x00,0x00,0x00,0x00,0x03,
  0x00,0x00,0xa8,0x03,0x00,0x00,0xfe,0x00,0x00,0x3f,0x1f,0xfc,
  0x00,0x00,0x00,0x00,0x1f,0xfe,0x07,0x7e,0x84,0x7f,0xfc,0x00,
  0xfc,0x7f,0xff,0xf0,0xff,0xe0,0x00,0x00,0xff,0xe0,0x1b,0x70,
  0x01,0x00,0x00,0x00,0x01,0xfb,0x5f,0xf8,0x00,0x00,0x00,0x00,
  0xff,0xff,0xa0,0x00,0x00,0x00,0x00,0x00,0xc0,0x00,0x00,0x00,
  0x00,0x00,0x00,0x00,0x00,0x00,0x00,0x00,0x00,0x00,0x00,0x00,
  0x00,0x00,0x00,0x00,0x00,0x00,0x00,0x00,0x00,0x00,0x00,0x00,
  0x00,0x00,0x00,0x00,0x00,0x00,0x00,0x00,0x00,0x00,0x00,0x00,
  0x00,0x00,0x00,0x00,0x00,0x00,0x00,0x00,0x00,0x00,0x00,0x00,
  0x00,0x00,0x00,0x00,0x00,0x00,0x00,0x00,0x00,0x00,0x00,0x00,
  0x00,0x00,0x00,0x00,0x00,0x00,0x00,0x00,0x00,0x00,0x00,0x00,
  0x00,0x00,0x00,0x00,0x00,0x00,0x00,0x00,0x00,0x00,0x00,0x00,
  0x00,0x00,0x00,0x00,0x00,0x00,0x00,0x00,0x00,0x00,0x00,0x03,
  0x00,0x00,0x00,0x0f,0x00,0x00,0xff,0x03,0x00,0x00,0xff,0x80,
  0x00,0x1f,0x1f,0xfe,0x00,0x00,0x00,0x00,0x3f,0xfe,0x83,0x7c,
  0x7c,0x7e,0x04,0x00,0x00,0x7e,0xff,0xe3,0xff,0xe6,0x00,0x0c,
  0xff,0xe8,0x81,0x78,0x03,0x00,0x00,0x00,0x03,0xfc,0x0b,0xfb,
  0x00,0x00,0x00,0x00,0x7f,0xff,0xe0,0x00,0x00,0x00,0x00,0x00,
  0xc0,0x00,0x00,0x00,0x00,0x00,0x00,0x00,0x00,0x00,0x00,0x00,
  0x00,0x00,0x00,0x00,0x00,0x00,0x00,0x00,0x00,0x00,0x00,0x00,
  0x00,0x00,0x00,0x00,0x00,0x00,0x00,0x00,0x00,0x00,0x00,0x00,
  0x00,0x00,0x00,0x00,0x00,0x00,0x00,0x00,0x00,0x00,0x00,0x00,
  0x00,0x00,0x00,0x00,0x00,0x00,0x00,0x00,0x00,0x00,0x00,0x00,
  0x00,0x00,0x00,0x00,0x00,0x00,0x00,0x00,0x00,0x00,0x00,0x00,
  0x00,0x00,0x00,0x00,0x00,0x00,0x00,0x00,0x00,0x00,0x00,0x00,
  0x00,0x00,0x00,0x00,0x00,0x00,0x00,0x00,0x00,0x00,0x00,0x00,
  0x00,0x00,0x00,0x1f,0x00,0x00,0x00,0x1f,0x00,0x00,0xff,0xc3,
  0x00,0x00,0xff,0xe0,0x00,0x0f,0xbf,0xfc,0x00,0x00,0x00,0x00,
  0xbf,0xfe,0x7b,0x7c,0x00,0x7f,0x00,0x00,0x00,0x7f,0xff,0xf0,
  0xff,0xff,0x00,0x1f,0xff,0xf7,0x47,0xf8,0xe7,0x80,0xe0,0x00,
  0xe7,0xff,0x1e,0xf3,0x00,0x00,0x00,0x00,0xff,0xff,0xc0,0x00,
  0x00,0x00,0x00,0x00,0xe0,0x00,0x00,0x00,0x00,0x00,0x00,0x00,
  0x00,0x00,0x00,0x00,0x00,0x00,0x00,0x00,0x00,0x00,0x00,0x00,
  0x00,0x00,0x00,0x00,0x00,0x00,0x00,0x00,0x00,0x00,0x00,0x00,
  0x00,0x00,0x00,0x00,0x00,0x00,0x00,0x00,0x00,0x00,0x00,0x00,
  0x00,0x00,0x00,0x00,0x00,0x00,0x00,0x00,0x00,0x00,0x00,0x00,
  0x00,0x00,0x00,0x00,0x00,0x00,0x00,0x00,0x00,0x00,0x00,0x00,
  0x00,0x00,0x00,0x00,0x00,0x00,0x00,0x00,0x00,0x00,0x00,0x00,
  0x00,0x00,0x00,0x00,0x00,0x00,0x00,0x00,0x00,0x00,0x00,0x00,
  0x00,0x00,0x00,0x00,0x00,0x00,0x00,0x1f,0x00,0x00,0x00,0x3f,
  0x00,0x00,0xfa,0xe1,0x00,0x00,0xff,0xf0,0x00,0x03,0xdf,0xfc,
  0x00,0x00,0x00,0x00,0xff,0xfe,0x00,0xfd,0x00,0xfd,0x00,0x00,
  0x00,0xfd,0xff,0xd0,0xff,0xef,0x00,0x03,0xff,0xe0,0x37,0x70,
  0xc7,0x80,0x40,0x00,0x47,0xfd,0xff,0xb7,0x00,0x00,0x00,0x00,
  0xff,0xff,0xe0,0x00,0x00,0x00,0x00,0x00,0xe0,0x00,0x00,0x00,
  0x00,0x00,0x00,0x00,0x00,0x00,0x00,0x00,0x00,0x00,0x00,0x00,
  0x00,0x00,0x00,0x00,0x00,0x00,0x00,0x00,0x00,0x00,0x00,0x00,
  0x00,0x00,0x00,0x00,0x00,0x00,0x00,0x00,0x00,0x00,0x00,0x00,
  0x00,0x00,0x00,0x00,0x00,0x00,0x00,0x00,0x00,0x00,0x00,0x00,
  0x00,0x00,0x00,0x00,0x00,0x00,0x00,0x00,0x00,0x00,0x00,0x00,
  0x00,0x00,0x00,0x00,0x00,0x00,0x00,0x00,0x00,0x00,0x00,0x00,
  0x00,0x00,0x00,0x00,0x00,0x00,0x00,0x00,0x00,0x00,0x00,0x00,
  0x00,0x00,0x00,0x00,0x00,0x00,0x00,0x00,0x00,0x00,0x00,0x3f,
  0x00,0x00,0x00,0x3f,0x00,0x00,0xed,0x61,0x00,0x00,0xff,0xfc,
  0x00,0x01,0x7f,0xf8,0x00,0x00,0x00,0x00,0xdf,0xfe,0x05,0xfc,
  0xfc,0xfd,0xf8,0x00,0xe0,0xfd,0xff,0xcc,0xff,0xe1,0x00,0x00,
  0xff,0xe0,0x37,0xa0,0xc7,0x80,0x00,0x00,0x07,0xf1,0x3f,0xdf,
  0x00,0x00,0x00,0x00,0xff,0xff,0xc0,0x00,0x00,0x00,0x00,0x00,
  0xe0,0x00,0x00,0x00,0x00,0x00,0x00,0x00,0x00,0x00,0x00,0x00,
  0x00,0x00,0x00,0x00,0x00,0x00,0x00,0x00,0x00,0x00,0x00,0x00,
  0x00,0x00,0x00,0x00,0x00,0x00,0x00,0x00,0x00,0x00,0x00,0x00,
  0x00,0x00,0x00,0x00,0x00,0x00,0x00,0x00,0x00,0x00,0x00,0x00,
  0x00,0x00,0x00,0x00,0x00,0x00,0x00,0x00,0x00,0x00,0x00,0x00,
  0x00,0x00,0x00,0x00,0x00,0x00,0x00,0x00,0x00,0x00,0x00,0x00,
  0x00,0x00,0x00,0x00,0x00,0x00,0x00,0x00,0x00,0x00,0x00,0x00,
  0x00,0x00,0x00,0x00,0x00,0x00,0x00,0x00,0x00,0x00,0x00,0x00,
  0x00,0x00,0x00,0x3f,0x00,0x00,0x00,0x7f,0x00,0x00,0xd0,0x00,
  0x00,0x00,0xff,0xfe,0x00,0x00,0x4f,0xf4,0x00,0x01,0x00,0x01,
  0xff,0xfd,0x0e,0xf9,0x68,0xfd,0xf8,0x00,0xf8,0xfd,0xff,0xe0,
  0xff,0xe0,0x00,0x00,0xff,0xe0,0x07,0x80,0x0f,0x80,0x00,0x00,
  0x0f,0xb1,0x7f,0xff,0x00,0x00,0x00,0x00,0xff,0xff,0xc0,0x00,
  0x00,0x00,0x00,0x00,0xe0,0x00,0x00,0x00,0x00,0x00,0x00,0x00,
  0x00,0x00,0x00,0x00,0x00,0x00,0x00,0x00,0x00,0x00,0x00,0x00,
  0x00,0x00,0x00,0x00,0x00,0x00,0x00,0x00,0x00,0x00,0x00,0x00,
  0x00,0x00,0x00,0x00,0x00,0x00,0x00,0x00,0x00,0x00,0x00,0x00,
  0x00,0x00,0x00,0x00,0x00,0x00,0x00,0x00,0x00,0x00,0x00,0x00,
  0x00,0x00,0x00,0x00,0x00,0x00,0x00,0x00,0x00,0x00,0x00,0x00,
  0x00,0x00,0x00,0x00,0x00,0x00,0x00,0x00,0x00,0x00,0x00,0x00,
  0x00,0x00,0x00,0x00,0x00,0x00,0x00,0x00,0x00,0x00,0x00,0x00,
  0x00,0x00,0x00,0x00,0x00,0x00,0x00,0x7f,0x00,0x00,0x00,0x7f,
  0x00,0x00,0xa8,0x00,0x00,0x00,0xff,0xff,0x00,0x00,0x2f,0xe8,
  0x00,0x01,0x00,0x00,0x6f,0xfc,0x06,0xf5,0xf0,0xfd,0x28,0x00,
  0x08,0xfd,0xff,0xf3,0xff,0xdc,0x00,0x1c,0xff,0xdc,0x8f,0x80,
  0x0f,0x80,0x00,0x00,0x0f,0xa1,0x3f,0xef,0x00,0x00,0x00,0x00,
  0xff,0xff,0xc0,0x00,0x00,0x00,0x00,0x00,0xe0,0x00,0x00,0x00,
  0x00,0x00,0x00,0x00,0x00,0x00,0x00,0x00,0x00,0x00,0x00,0x00,
  0x00,0x00,0x00,0x00,0x00,0x00,0x00,0x00,0x00,0x00,0x00,0x00,
  0x00,0x00,0x00,0x00,0x00,0x00,0x00,0x00,0x00,0x00,0x00,0x00,
  0x00,0x00,0x00,0x00,0x00,0x00,0x00,0x00,0x00,0x00,0x00,0x00,
  0x00,0x00,0x00,0x00,0x00,0x00,0x00,0x00,0x00,0x00,0x00,0x00,
  0x00,0x00,0x00,0x00,0x00,0x00,0x00,0x00,0x00,0x00,0x00,0x00,
  0x00,0x00,0x00,0x00,0x00,0x00,0x00,0x00,0x00,0x00,0x00,0x00,
  0x00,0x00,0x00,0x00,0x00,0x00,0x00,0x00,0x00,0x00,0x00,0x7f,
  0x00,0x00,0x00,0x7f,0x00,0x00,0xc0,0x00,0x00,0x00,0xff,0xff,
  0x00,0x00,0x07,0xd0,0x00,0x00,0x80,0x00,0x2f,0xfc,0xf6,0xd0,
  0x00,0xf8,0x00,0x00,0x00,0xf8,0xff,0x84,0xff,0xbf,0x00,0x3f,
  0xff,0xbf,0x9f,0x80,0xdf,0x80,0xc0,0x00,0x9f,0x89,0x3f,0xff,
  0x00,0x00,0x00,0x00,0xff,0xff,0xc0,0x00,0x00,0x00,0x00,0x00,
  0xe0,0x00,0x00,0x00,0x00,0x00,0x00,0x00,0x00,0x00,0x00,0x00,
  0x00,0x00,0x00,0x00,0x00,0x00,0x00,0x00,0x00,0x00,0x00,0x00,
  0x00,0x00,0x00,0x00,0x00,0x00,0x00,0x00,0x00,0x00,0x00,0x00,
  0x00,0x00,0x00,0x00,0x00,0x00,0x00,0x00,0x00,0x00,0x00,0x00,
  0x00,0x00,0x00,0x00,0x00,0x00,0x00,0x00,0x00,0x00,0x00,0x00,
  0x00,0x00,0x00,0x00,0x00,0x00,0x00,0x00,0x00,0x00,0x00,0x00,
  0x00,0x00,0x00,0x00,0x00,0x00,0x00,0x00,0x00,0x00,0x00,0x00,
  0x00,0x00,0x00,0x00,0x00,0x00,0x00,0x00,0x00,0x00,0x00,0x00,
  0x00,0x00,0x00,0x77,0x00,0x00,0x00,0x7f,0x00,0x00,0x60,0x00,
  0x00,0x00,0xff,0xff,0x00,0x00,0x07,0x20,0x00,0x00,0xc0,0x00,
  0x1f,0xfc,0x01,0x92,0x00,0xf6,0x00,0x00,0x00,0xf6,0x37,0x84,
  0x3f,0xb8,0x00,0x1b,0x3f,0x83,0x3f,0xc0,0x9f,0xc0,0x80,0x00,
  0x1f,0xcc,0x3f,0xff,0x00,0x00,0x01,0x00,0xff,0xff,0xc0,0x00,
  0x00,0x00,0x00,0x00,0xc0,0x00,0x00,0x00,0x00,0x00,0x00,0x00,
  0x00,0x00,0x00,0x00,0x00,0x00,0x00,0x00,0x00,0x00,0x00,0x00,
  0x00,0x00,0x00,0x00,0x00,0x00,0x00,0x00,0x00,0x00,0x00,0x00,
  0x00,0x00,0x00,0x00,0x00,0x00,0x00,0x00,0x00,0x00,0x00,0x00,
  0x00,0x00,0x00,0x00,0x00,0x00,0x00,0x00,0x00,0x00,0x00,0x00,
  0x00,0x00,0x00,0x00,0x00,0x00,0x00,0x00,0x00,0x00,0x00,0x00,
  0x00,0x00,0x00,0x00,0x00,0x00,0x00,0x00,0x00,0x00,0x00,0x00,
  0x00,0x00,0x00,0x00,0x00,0x00,0x00,0x00,0x00,0x00,0x00,0x00,
  0x00,0x00,0x00,0x00,0x00,0x00,0x00,0xeb,0x00,0x00,0x00,0xff,
  0x00,0x00,0x80,0x00,0x00,0x00,0xfe,0xff,0x00,0x00,0x04,0xc0,
  0x00,0x00,0xc0,0x00,0x17,0xf8,0x00,0x1f,0x00,0x0d,0x00,0x00,
  0x00,0x0d,0x4f,0xb8,0xcf,0x87,0x00,0x00,0xcf,0x80,0x3d,0x40,
  0x9f,0x40,0x00,0x00,0x1f,0x5c,0x1f,0xfe,0x00,0x00,0x00,0x00,
  0xff,0xff,0xc0,0x00,0x00,0x00,0x00,0x00,0xc0,0x00,0x00,0x00,
  0x00,0x00,0x00,0x00,0x00,0x00,0x00,0x00,0x00,0x00,0x00,0x00,
  0x00,0x00,0x00,0x00,0x00,0x00,0x00,0x00,0x00,0x00,0x00,0x00,
  0x00,0x00,0x00,0x00,0x00,0x00,0x00,0x00,0x00,0x00,0x00,0x00,
  0x00,0x00,0x00,0x00,0x00,0x00,0x00,0x00,0x00,0x00,0x00,0x00,
  0x00,0x00,0x00,0x00,0x00,0x00,0x00,0x00,0x00,0x00,0x00,0x00,
  0x00,0x00,0x00,0x00,0x00,0x00,0x00,0x00,0x00,0x00,0x00,0x00,
  0x00,0x00,0x00,0x00,0x00,0x00,0x00,0x00,0x00,0x00,0x00,0x00,
  0x00,0x00,0x00,0x00,0x00,0x00,0x00,0x00,0x00,0x00,0x00,0xf7,
  0x00,0x00,0x01,0xff,0x00,0x00,0x00,0x00,0x00,0x00,0xff,0xff,
  0x00,0x00,0x00,0x10,0x00,0x00,0xf0,0x00,0x07,0xe6,0x0b,0xff,
  0x00,0xff,0x00,0x00,0xf0,0xff,0xfd,0x02,0xf0,0x00,0x00,0x00,
  0xf0,0x00,0x5f,0xb0,0x14,0x20,0x00,0x00,0x14,0x2e,0x1f,0xf7,
  0x00,0x00,0x00,0x00,0xff,0xff,0xc0,0x00,0x00,0x00,0x00,0x00,
  0xc0,0x00,0x00,0x00,0x00,0x00,0x00,0x00,0x00,0x00,0x00,0x00,
  0x00,0x00,0x00,0x00,0x00,0x00,0x00,0x00,0x00,0x00,0x00,0x00,
  0x00,0x00,0x00,0x00,0x00,0x00,0x00,0x00,0x00,0x00,0x00,0x00,
  0x00,0x00,0x00,0x00,0x00,0x00,0x00,0x00,0x00,0x00,0x00,0x00,
  0x00,0x00,0x00,0x00,0x00,0x00,0x00,0x00,0x00,0x00,0x00,0x00,
  0x00,0x00,0x00,0x00,0x00,0x00,0x00,0x00,0x00,0x00,0x00,0x00,
  0x00,0x00,0x00,0x00,0x00,0x00,0x00,0x00,0x00,0x00,0x00,0x00,
  0x00,0x00,0x00,0x00,0x00,0x00,0x00,0x00,0x00,0x00,0x00,0x00,
  0x00,0x00,0x00,0xc3,0x00,0x00,0x01,0xff,0x00,0x00,0x80,0x00,
  0x00,0x00,0xff,0x6f,0x00,0x00,0x00,0x00,0x00,0x00,0xf0,0x00,
  0x07,0xec,0x82,0xff,0x03,0xff,0x00,0x00,0xfb,0xff,0xff,0x90,
  0xfe,0x00,0x00,0x00,0xfe,0x00,0x09,0x70,0x14,0xb0,0x00,0x00,
  0x14,0xb4,0x0f,0xff,0x00,0x00,0x00,0x00,0x7f,0xff,0x40,0x00,
  0x00,0x00,0x00,0x00,0xe0,0x00,0x00,0x00,0x00,0x00,0x00,0x00,
  0x00,0x00,0x00,0x00,0x00,0x00,0x00,0x00,0x00,0x00,0x00,0x00,
  0x00,0x00,0x00,0x00,0x00,0x00,0x00,0x00,0x00,0x00,0x00,0x00,
  0x00,0x00,0x00,0x00,0x00,0x00,0x00,0x00,0x00,0x00,0x00,0x00,
  0x00,0x00,0x00,0x00,0x00,0x00,0x00,0x00,0x00,0x00,0x00,0x00,
  0x00,0x00,0x00,0x00,0x00,0x00,0x00,0x00,0x00,0x00,0x00,0x00,
  0x00,0x00,0x00,0x00,0x00,0x00,0x00,0x00,0x00,0x00,0x00,0x00,
  0x00,0x00,0x00,0x00,0x00,0x00,0x00,0x00,0x00,0x00,0x00,0x00,
  0x00,0x00,0x00,0x00,0x00,0x00,0x01,0xe7,0x00,0x00,0x01,0xff,
  0x00,0x00,0x00,0x00,0x00,0x00,0xff,0x2d,0x00,0x00,0x00,0x40,
  0x00,0x00,0xf8,0x00,0x03,0xfc,0x82,0xff,0x07,0xf7,0x00,0x00,
  0xf7,0xf7,0xff,0xb0,0xff,0x80,0x00,0x00,0xff,0xbf,0x0b,0xe4,
  0x03,0xe4,0x00,0x00,0x03,0xe4,0x0f,0xff,0x00,0x00,0x00,0x00,
  0x7f,0xff,0x00,0x00,0x00,0x00,0x00,0x00,0xe0,0x00,0x00,0x00,
  0x00,0x00,0x00,0x00,0x00,0x00,0x00,0x00,0x00,0x00,0x00,0x00,
  0x00,0x00,0x00,0x00,0x00,0x00,0x00,0x00,0x00,0x00,0x00,0x00,
  0x00,0x00,0x00,0x00,0x00,0x00,0x00,0x00,0x00,0x00,0x00,0x00,
  0x00,0x00,0x00,0x00,0x00,0x00,0x00,0x00,0x00,0x00,0x00,0x00,
  0x00,0x00,0x00,0x00,0x00,0x00,0x00,0x00,0x00,0x00,0x00,0x00,
  0x00,0x00,0x00,0x00,0x00,0x00,0x00,0x00,0x00,0x00,0x00,0x00,
  0x00,0x00,0x00,0x00,0x00,0x00,0x00,0x00,0x00,0x00,0x00,0x00,
  0x00,0x00,0x00,0x00,0x00,0x00,0x00,0x00,0x00,0x00,0x01,0x8a,
  0x00,0x00,0x01,0xff,0x00,0x00,0x00,0x00,0x00,0x00,0xff,0x2b,
  0x00,0x00,0x00,0x00,0x00,0x00,0xfc,0x00,0x01,0xfc,0x86,0x67,
  0x07,0xa3,0x00,0x00,0xf7,0xa3,0xbd,0xa8,0xff,0x80,0x00,0x00,
  0xff,0xbf,0x15,0xba,0x15,0xfb,0x00,0x00,0x15,0xfb,0x0f,0xf7,
  0x00,0x00,0x00,0x00,0x3f,0xff,0xa0,0x00,0x00,0x00,0x00,0x00,
  0xa0,0x00,0x00,0x00,0x00,0x00,0x00,0x00,0x00,0x00,0x00,0x00,
  0x00,0x00,0x00,0x00,0x00,0x00,0x00,0x00,0x00,0x00,0x00,0x00,
  0x00,0x00,0x00,0x00,0x00,0x00,0x00,0x00,0x00,0x00,0x00,0x00,
  0x00,0x00,0x00,0x00,0x00,0x00,0x00,0x00,0x00,0x00,0x00,0x00,
  0x00,0x00,0x00,0x00,0x00,0x00,0x00,0x00,0x00,0x00,0x00,0x00,
  0x00,0x00,0x00,0x00,0x00,0x00,0x00,0x00,0x00,0x00,0x00,0x00,
  0x00,0x00,0x00,0x00,0x00,0x00,0x00,0x00,0x00,0x00,0x00,0x00,
  0x00,0x00,0x00,0x00,0x00,0x00,0x00,0x00,0x00,0x00,0x00,0x00,
  0x00,0x00,0x01,0x87,0x00,0x00,0x01,0xff,0x00,0x00,0x00,0x00,
  0x00,0x00,0xff,0xa9,0x00,0x00,0x00,0x00,0x00,0x00,0xfe,0x00,
  0x00,0xf8,0x02,0x59,0x02,0x7e,0x00,0x00,0xf2,0x7e,0x3b,0x64,
  0x3f,0x00,0x00,0x00,0x3f,0x7e,0x65,0x94,0x3f,0xf4,0x00,0x00,
  0x3f,0xf4,0x05,0xf7,0x00,0x00,0x00,0x00,0x3f,0xff,0x90,0x00,
  0x00,0x00,0x00,0x00,0xf0,0x00,0x00,0x00,0x00,0x00,0x00,0x00,
  0x00,0x00,0x00,0x00,0x00,0x00,0x00,0x00,0x00,0x00,0x00,0x00,
  0x00,0x00,0x00,0x00,0x00,0x00,0x00,0x00,0x00,0x00,0x00,0x00,
  0x00,0x00,0x00,0x00,0x00,0x00,0x00,0x00,0x00,0x00,0x00,0x00,
  0x00,0x00,0x00,0x00,0x00,0x00,0x00,0x00,0x00,0x00,0x00,0x00,
  0x00,0x00,0x00,0x00,0x00,0x00,0x00,0x00,0x00,0x00,0x00,0x00,
  0x00,0x00,0x00,0x00,0x00,0x00,0x00,0x00,0x00,0x00,0x00,0x00,
  0x00,0x00,0x00,0x00,0x00,0x00,0x00,0x00,0x00,0x00,0x00,0x00,
  0x00,0x00,0x00,0x00,0x00,0x00,0x01,0x8a,0x00,0x00,0x01,0xff,
  0x00,0x00,0x00,0x02,0x00,0x00,0xff,0xba,0x00,0x00,0x00,0x00,
  0x00,0x00,0xff,0x00,0x00,0xe0,0x03,0xff,0x03,0xff,0x00,0x00,
  0xf3,0xff,0xcd,0x40,0xcf,0x00,0x00,0x00,0xcf,0x7e,0x3a,0x2a,
  0x3b,0xaa,0x00,0x00,0x3f,0xaa,0x02,0xe7,0x00,0x00,0x00,0x00,
  0x1f,0xff,0xf0,0x00,0x00,0x00,0x00,0x00,0xd0,0x00,0x00,0x00,
  0x00,0x00,0x00,0x00,0x00,0x00,0x00,0x00,0x00,0x00,0x00,0x00,
  0x00,0x00,0x00,0x00,0x00,0x00,0x00,0x00,0x00,0x00,0x00,0x00,
  0x00,0x00,0x00,0x00,0x00,0x00,0x00,0x00,0x00,0x00,0x00,0x00,
  0x00,0x00,0x00,0x00,0x00,0x00,0x00,0x00,0x00,0x00,0x00,0x00,
  0x00,0x00,0x00,0x00,0x00,0x00,0x00,0x00,0x00,0x00,0x00,0x00,
  0x00,0x00,0x00,0x00,0x00,0x00,0x00,0x00,0x00,0x00,0x00,0x00,
  0x00,0x00,0x00,0x00,0x00,0x00,0x00,0x00,0x00,0x00,0x00,0x00,
  0x00,0x00,0x00,0x00,0x00,0x00,0x00,0x00,0x00,0x00,0x01,0x17,
  0x00,0x00,0x01,0xff,0x00,0x00,0x00,0x00,0x00,0x00,0xff,0xd9,
  0x00,0x00,0x00,0x40,0x00,0x00,0xff,0x00,0x00,0x01,0x07,0xef,
  0x07,0xff,0x00,0x00,0xe7,0xff,0xfa,0x00,0xf8,0x00,0x00,0x00,
  0xf8,0xfc,0x7f,0xf4,0x7f,0xf8,0x00,0x00,0x7f,0xf8,0x08,0x27,
  0x00,0x00,0x00,0x00,0x07,0xf7,0xd8,0x00,0x00,0x00,0x00,0x00,
  0xf8,0x00,0x00,0x00,0x00,0x00,0x00,0x00,0x00,0x00,0x00,0x00,
  0x00,0x00,0x00,0x00,0x00,0x00,0x00,0x00,0x00,0x00,0x00,0x00,
  0x00,0x00,0x00,0x00,0x00,0x00,0x00,0x00,0x00,0x00,0x00,0x00,
  0x00,0x00,0x00,0x00,0x00,0x00,0x00,0x00,0x00,0x00,0x00,0x00,
  0x00,0x00,0x00,0x00,0x00,0x00,0x00,0x00,0x00,0x00,0x00,0x00,
  0x00,0x00,0x00,0x00,0x00,0x00,0x00,0x00,0x00,0x00,0x00,0x00,
  0x00,0x00,0x00,0x00,0x00,0x00,0x00,0x00,0x00,0x00,0x00,0x00,
  0x00,0x00,0x00,0x00,0x00,0x00,0x00,0x00,0x00,0x00,0x00,0x00,
  0x00,0x00,0x00,0x2a,0x00,0x00,0x01,0xff,0x00,0x00,0x00,0x00,
  0x00,0x00,0xfe,0xf8,0x00,0x00,0x00,0x00,0x00,0x00,0xff,0x00,
  0x00,0x01,0x07,0xd7,0x05,0xff,0x00,0x00,0xe5,0xff,0xfc,0x40,
  0xfc,0x00,0x00,0x00,0xfc,0xfc,0x6b,0x68,0x7f,0xa8,0x00,0x00,
  0x7f,0xa8,0x00,0x07,0x00,0x00,0x00,0x00,0x07,0xff,0xf8,0x00,
  0x00,0x00,0x00,0x00,0xf8,0x00,0x00,0x00,0x00,0x00,0x00,0x00,
  0x00,0x00,0x00,0x00,0x00,0x00,0x00,0x00,0x00,0x00,0x00,0x00,
  0x00,0x00,0x00,0x00,0x00,0x00,0x00,0x00,0x00,0x00,0x00,0x00,
  0x00,0x00,0x00,0x00,0x00,0x00,0x00,0x00,0x00,0x00,0x00,0x00,
  0x00,0x00,0x00,0x00,0x00,0x00,0x00,0x00,0x00,0x00,0x00,0x00,
  0x00,0x00,0x00,0x00,0x00,0x00,0x00,0x00,0x00,0x00,0x00,0x00,
  0x00,0x00,0x00,0x00,0x00,0x00,0x00,0x00,0x00,0x00,0x00,0x00,
  0x00,0x00,0x00,0x00,0x00,0x00,0x00,0x00,0x00,0x00,0x00,0x00,
  0x00,0x00,0x00,0x00,0x00,0x00,0x00,0xe0,0x00,0x00,0x03,0xff,
  0x00,0x00,0x00,0x00,0x00,0x00,0xfe,0xca,0x00,0x00,0x00,0x00,
  0x00,0x00,0x7f,0xc0,0x00,0x01,0x07,0x16,0x05,0xee,0x00,0x00,
  0xc5,0xee,0xf2,0x00,0x7a,0x00,0x00,0x00,0x7e,0xfc,0xd7,0x50,
  0x75,0xd0,0x00,0x00,0x75,0xd0,0x00,0x0f,0x00,0x00,0x00,0x00,
  0x02,0xcf,0xfc,0x00,0x00,0x00,0x00,0x00,0xfc,0x00,0x00,0x00,
  0x00,0x00,0x00,0x00,0x00,0x00,0x00,0x00,0x00,0x00,0x00,0x00,
  0x00,0x00,0x00,0x00,0x00,0x00,0x00,0x00,0x00,0x00,0x00,0x00,
  0x00,0x00,0x00,0x00,0x00,0x00,0x00,0x00,0x00,0x00,0x00,0x00,
  0x00,0x00,0x00,0x00,0x00,0x00,0x00,0x00,0x00,0x00,0x00,0x00,
  0x00,0x00,0x00,0x00,0x00,0x00,0x00,0x00,0x00,0x00,0x00,0x00,
  0x00,0x00,0x00,0x00,0x00,0x00,0x00,0x00,0x00,0x00,0x00,0x00,
  0x00,0x00,0x00,0x00,0x00,0x00,0x00,0x00,0x00,0x00,0x00,0x00,
  0x00,0x00,0x00,0x00,0x00,0x00,0x00,0x00,0x00,0x00,0x01,0xd0,
  0x00,0x00,0x03,0xff,0x00,0x00,0x00,0x00,0x00,0x00,0xff,0xc2,
  0x00,0x00,0x00,0x02,0x00,0x00,0x7f,0xc0,0x00,0x01,0x0f,0xfd,
  0x07,0xfa,0x00,0x00,0xc7,0xfa,0x2e,0x80,0x54,0x00,0x00,0x00,
  0x54,0xfc,0xf7,0xd0,0xd7,0x90,0x00,0x00,0xd7,0x90,0x00,0x07,
  0x00,0x00,0x00,0x01,0x03,0x9f,0xfc,0x00,0x00,0x00,0x00,0x00,
  0xfc,0x00,0x00,0x00,0x00,0x00,0x00,0x00,0x00,0x00,0x00,0x00,
  0x00,0x00,0x00,0x00,0x00,0x00,0x00,0x00,0x00,0x00,0x00,0x00,
  0x00,0x00,0x00,0x00,0x00,0x00,0x00,0x00,0x00,0x00,0x00,0x00,
  0x00,0x00,0x00,0x00,0x00,0x00,0x00,0x00,0x00,0x00,0x00,0x00,
  0x00,0x00,0x00,0x00,0x00,0x00,0x00,0x00,0x00,0x00,0x00,0x00,
  0x00,0x00,0x00,0x00,0x00,0x00,0x00,0x00,0x00,0x00,0x00,0x00,
  0x00,0x00,0x00,0x00,0x00,0x00,0x00,0x00,0x00,0x00,0x00,0x00,
  0x00,0x00,0x00,0x00,0x00,0x00,0x00,0x00,0x00,0x00,0x00,0x00,
  0x00,0x00,0x07,0xf0,0x00,0x00,0x0f,0xff,0x00,0x00,0x00,0x00,
  0x00,0x00,0xfa,0xe3,0x00,0x00,0x00,0x02,0x00,0x00,0x3d,0xe0,
  0x00,0x00,0x1d,0xbf,0x04,0x1f,0x00,0x00,0x44,0x1f,0xf1,0x01,
  0xd0,0x01,0x00,0x00,0xd1,0xf9,0x43,0x40,0xfe,0xc0,0x00,0x00,
  0xfe,0xc0,0x00,0x0f,0x00,0x00,0x00,0x00,0x03,0xdf,0xf4,0x00,
  0x00,0x00,0x00,0x00,0xfe,0x00,0x00,0x00,0x00,0x00,0x00,0x00,
  0x00,0x00,0x00,0x00,0x00,0x00,0x00,0x00,0x00,0x00,0x00,0x00,
  0x00,0x00,0x00,0x00,0x00,0x00,0x00,0x00,0x00,0x00,0x00,0x00,
  0x00,0x00,0x00,0x00,0x00,0x00,0x00,0x00,0x00,0x00,0x00,0x00,
  0x00,0x00,0x00,0x00,0x00,0x00,0x00,0x00,0x00,0x00,0x00,0x00,
  0x00,0x00,0x00,0x00,0x00,0x00,0x00,0x00,0x00,0x00,0x00,0x00,
  0x00,0x00,0x00,0x00,0x00,0x00,0x00,0x00,0x00,0x00,0x00,0x00,
  0x00,0x00,0x00,0x00,0x00,0x00,0x00,0x00,0x00,0x00,0x00,0x00,
  0x00,0x00,0x00,0x00,0x00,0x00,0x07,0xaa,0x00,0x00,0x0f,0xff,
  0x00,0x00,0x00,0x00,0x00,0x00,0xf9,0x23,0x00,0x00,0x00,0x01,
  0x00,0x00,0x3e,0xf0,0x00,0x00,0x82,0x21,0x81,0xe3,0x81,0xe0,
  0x00,0x03,0xf8,0x00,0xf8,0x00,0x00,0x00,0xfb,0xf8,0xff,0x80,
  0xfd,0x80,0x00,0x00,0xfd,0x80,0x00,0x4f,0x00,0x00,0x00,0x00,
  0x03,0xff,0xf0,0x00,0x00,0x00,0x00,0x00,0xfe,0x00,0x00,0x00,
  0x00,0x00,0x00,0x00,0x00,0x00,0x00,0x00,0x00,0x00,0x00,0x00,
  0x00,0x00,0x00,0x00,0x00,0x00,0x00,0x00,0x00,0x00,0x00,0x00,
  0x00,0x00,0x00,0x00,0x00,0x00,0x00,0x00,0x00,0x00,0x00,0x00,
  0x00,0x00,0x00,0x00,0x00,0x00,0x00,0x00,0x00,0x00,0x00,0x00,
  0x00,0x00,0x00,0x00,0x00,0x00,0x00,0x00,0x00,0x00,0x00,0x00,
  0x00,0x00,0x00,0x00,0x00,0x00,0x00,0x00,0x00,0x00,0x00,0x00,
  0x00,0x00,0x00,0x00,0x00,0x00,0x00,0x00,0x00,0x00,0x00,0x00,
  0x00,0x00,0x00,0x00,0x00,0x00,0x00,0x00,0x00,0x00,0x0f,0x00,
  0x00,0x00,0x0f,0xff,0x00,0x00,0x00,0x00,0x00,0x00,0xf8,0xe1,
  0x00,0x00,0x00,0x02,0x00,0x02,0x1e,0xf7,0x00,0x00,0x99,0xf8,
  0x9c,0x14,0x9b,0xfc,0x01,0xf8,0x08,0x00,0x38,0x01,0x00,0x00,
  0x3b,0xf1,0x53,0x00,0x7a,0x00,0x00,0x00,0x7a,0x00,0x00,0x17,
  0x00,0x00,0x00,0x00,0x03,0xff,0xf4,0x00,0x00,0x00,0x00,0x00,
  0xfe,0x00,0x00,0x00,0x00,0x00,0x00,0x00,0x00,0x00,0x00,0x00,
  0x00,0x00,0x00,0x00,0x00,0x00,0x00,0x00,0x00,0x00,0x00,0x00,
  0x00,0x00,0x00,0x00,0x00,0x00,0x00,0x00,0x00,0x00,0x00,0x00,
  0x00,0x00,0x00,0x00,0x00,0x00,0x00,0x00,0x00,0x00,0x00,0x00,
  0x00,0x00,0x00,0x00,0x00,0x00,0x00,0x00,0x00,0x00,0x00,0x00,
  0x00,0x00,0x00,0x00,0x00,0x00,0x00,0x00,0x00,0x00,0x00,0x00,
  0x00,0x00,0x00,0x00,0x00,0x00,0x00,0x00,0x00,0x00,0x00,0x00,
  0x00,0x00,0x00,0x00,0x00,0x00,0x00,0x00,0x00,0x00,0x00,0x00,
  0x00,0x00,0x08,0x00,0x00,0x00,0x1f,0xff,0x00,0x00,0x04,0x02,
  0x00,0x00,0xfc,0xa2,0x00,0x00,0x00,0x03,0x00,0x03,0x0f,0x7b,
  0x00,0x00,0x17,0xf9,0x00,0x11,0xbb,0xfd,0x07,0xfc,0x80,0x02,
  0x80,0x02,0x80,0x00,0x03,0xf2,0xe2,0x00,0xf4,0x00,0x00,0x00,
  0xf4,0x00,0x00,0x4f,0x00,0x00,0x00,0x00,0x03,0xff,0xf8,0x00,
  0x00,0x00,0x00,0x00,0xfe,0x00,0x00,0x00,0x00,0x00,0x00,0x00,
  0x00,0x00,0x00,0x00,0x00,0x00,0x00,0x00,0x00,0x00,0x00,0x00,
  0x00,0x00,0x00,0x00,0x00,0x00,0x00,0x00,0x00,0x00,0x00,0x00,
  0x00,0x00,0x00,0x00,0x00,0x00,0x00,0x00,0x00,0x00,0x00,0x00,
  0x00,0x00,0x00,0x00,0x00,0x00,0x00,0x00,0x00,0x00,0x00,0x00,
  0x00,0x00,0x00,0x00,0x00,0x00,0x00,0x00,0x00,0x00,0x00,0x00,
  0x00,0x00,0x00,0x00,0x00,0x00,0x00,0x00,0x00,0x00,0x00,0x00,
  0x00,0x00,0x00,0x00,0x00,0x00,0x00,0x00,0x00,0x00,0x00,0x00,
  0x00,0x00,0x00,0x00,0x00,0x00,0x00,0x00,0x00,0x00,0x1f,0x8b,
  0x00,0x00,0x00,0x00,0x00,0x00,0xf8,0x41,0x00,0x00,0x00,0x03,
  0x00,0x03,0x0e,0x7b,0x00,0x00,0x37,0xf9,0x30,0x15,0xbf,0xf1,
  0x07,0xf0,0x50,0x05,0x10,0x05,0xf0,0x00,0x01,0xe5,0x2a,0x00,
  0xe9,0x00,0x00,0x00,0xe9,0x00,0x00,0x27,0x00,0x00,0x00,0x00,
  0x03,0xff,0xf6,0x00,0x00,0x00,0x00,0x00,0xfe,0x00,0x00,0x00,
  0x00,0x00,0x00,0x00,0x00,0x00,0x00,0x00,0x00,0x00,0x00,0x00,
  0x00,0x00,0x00,0x00,0x00,0x00,0x00,0x00,0x00,0x00,0x00,0x00,
  0x00,0x00,0x00,0x00,0x00,0x00,0x00,0x00,0x00,0x00,0x00,0x00,
  0x00,0x00,0x00,0x00,0x00,0x00,0x00,0x00,0x00,0x00,0x00,0x00,
  0x00,0x00,0x00,0x00,0x00,0x00,0x00,0x00,0x00,0x00,0x00,0x00,
  0x00,0x00,0x00,0x00,0x00,0x00,0x00,0x00,0x00,0x00,0x00,0x00,
  0x00,0x00,0x00,0x00,0x00,0x00,0x00,0x00,0x00,0x00,0x00,0x00,
  0x00,0x00,0x00,0x00,0x00,0x00,0x00,0x00,0x00,0x00,0x00,0x00,
  0x00,0x00,0x1a,0x71,0x00,0x00,0x02,0x00,0x00,0x00,0xfe,0x40,
  0x00,0x00,0x00,0x01,0x00,0x01,0x07,0xf9,0x00,0x00,0x7b,0xfa,
  0x30,0x0a,0x77,0xfb,0x03,0xf8,0xde,0x02,0x1e,0x02,0xfe,0x00,
  0x00,0x62,0x94,0x00,0xf4,0x00,0x00,0x00,0xf4,0x00,0x00,0x47,
  0x00,0x00,0x00,0x00,0x03,0xff,0xfa,0x00,0x00,0x00,0x00,0x00,
  0xfe,0x00,0x00,0x00,0x00,0x00,0x00,0x00,0x00,0x00,0x00,0x00,
  0x00,0x00,0x00,0x00,0x00,0x00,0x00,0x00,0x00,0x00,0x00,0x00,
  0x00,0x00,0x00,0x00,0x00,0x00,0x00,0x00,0x00,0x00,0x00,0x00,
  0x00,0x00,0x00,0x00,0x00,0x00,0x00,0x00,0x00,0x00,0x00,0x00,
  0x00,0x00,0x00,0x00,0x00,0x00,0x00,0x00,0x00,0x00,0x00,0x00,
  0x00,0x00,0x00,0x00,0x00,0x00,0x00,0x00,0x00,0x00,0x00,0x00,
  0x00,0x00,0x00,0x00,0x00,0x00,0x00,0x00,0x00,0x00,0x00,0x00,
  0x00,0x00,0x00,0x00,0x00,0x00,0x00,0x00,0x00,0x00,0x00,0x00,
  0x00,0x00,0x00,0x04,0x00,0x00,0x0c,0x7e,0x00,0x00,0x00,0x00,
  0x00,0x00,0x3c,0x40,0x00,0x00,0x00,0x00,0x00,0x00,0x03,0x5d,
  0x00,0x00,0x0b,0xfb,0x04,0x02,0x63,0xfb,0x03,0xf8,0xdd,0x05,
  0x1d,0x05,0xff,0x00,0x00,0x05,0x2a,0x00,0x4a,0x00,0x00,0x00,
  0x4a,0x00,0x00,0x2b,0x00,0x00,0x00,0x00,0x03,0xff,0xf2,0x00,
  0x00,0x00,0x00,0x00,0xfe,0x00,0x00,0x00,0x00,0x00,0x00,0x00,
  0x00,0x00,0x00,0x00,0x00,0x00,0x00,0x00,0x00,0x00,0x00,0x00,
  0x00,0x00,0x00,0x00,0x00,0x00,0x00,0x00,0x00,0x00,0x00,0x00,
  0x00,0x00,0x00,0x00,0x00,0x00,0x00,0x00,0x00,0x00,0x00,0x00,
  0x00,0x00,0x00,0x00,0x00,0x00,0x00,0x00,0x00,0x00,0x00,0x00,
  0x00,0x00,0x00,0x00,0x00,0x00,0x00,0x00,0x00,0x00,0x00,0x00,
  0x00,0x00,0x00,0x00,0x00,0x00,0x00,0x00,0x00,0x00,0x00,0x00,
  0x00,0x00,0x00,0x00,0x00,0x00,0x00,0x00,0x00,0x00,0x00,0x00,
  0x00,0x00,0x00,0x00,0x00,0x00,0x00,0x00,0x00,0x00,0x00,0x13,
  0x00,0x00,0x00,0x00,0x00,0x00,0x0f,0x80,0x00,0x00,0x00,0x00,
  0x00,0x00,0x01,0xae,0x00,0x00,0x01,0x79,0x00,0xe0,0x00,0x47,
  0x00,0x00,0xba,0xe2,0x3a,0x08,0xff,0xe0,0x00,0x00,0xf0,0x00,
  0x80,0x00,0x00,0x00,0x80,0x00,0x00,0x03,0x00,0x00,0x00,0x00,
  0x01,0xff,0xf4,0x00,0x00,0x00,0x00,0x00,0xfe,0x00,0x00,0x00,
  0x00,0x00,0x00,0x00,0x00,0x00,0x00,0x00,0x00,0x00,0x00,0x00,
  0x00,0x00,0x00,0x00,0x00,0x00,0x00,0x00,0x00,0x00,0x00,0x00,
  0x00,0x00,0x00,0x00,0x00,0x00,0x00,0x00,0x00,0x00,0x00,0x00,
  0x00,0x00,0x00,0x00,0x00,0x00,0x00,0x00,0x00,0x00,0x00,0x00,
  0x00,0x00,0x00,0x00,0x00,0x00,0x00,0x00,0x00,0x00,0x00,0x00,
  0x00,0x00,0x00,0x00,0x00,0x00,0x00,0x00,0x00,0x00,0x00,0x00,
  0x00,0x00,0x00,0x00,0x00,0x00,0x00,0x00,0x00,0x00,0x00,0x00,
  0x00,0x00,0x00,0x00,0x00,0x00,0x00,0x00,0x00,0x00,0x00,0x40,
  0x03,0x80,0x00,0x80,0x00,0x00,0x00,0x00,0x00,0x00,0x4e,0xc0,
  0x00,0x00,0x00,0x00,0x00,0x00,0x01,0x9e,0x00,0x00,0x00,0x00,
  0x00,0x00,0x52,0x03,0x00,0x00,0x3e,0xa6,0x3e,0x08,0xbf,0xe8,
  0x00,0x00,0x10,0x00,0x20,0x00,0x00,0x00,0x20,0x00,0x00,0x03,
  0x00,0x00,0x00,0x00,0x01,0xff,0xf4,0x00,0x00,0x00,0x00,0x00,
  0xfe,0x00,0x00,0x00,0x00,0x00,0x00,0x00,0x00,0x00,0x00,0x00,
  0x00,0x00,0x00,0x00,0x00,0x00,0x00,0x00,0x00,0x00,0x00,0x00,
  0x00,0x00,0x00,0x00,0x00,0x00,0x00,0x00,0x00,0x00,0x00,0x00,
  0x00,0x00,0x00,0x00,0x00,0x00,0x00,0x00,0x00,0x00,0x00,0x00,
  0x00,0x00,0x00,0x00,0x00,0x00,0x00,0x00,0x00,0x00,0x00,0x00,
  0x00,0x00,0x00,0x00,0x00,0x00,0x00,0x00,0x00,0x00,0x00,0x00,
  0x00,0x00,0x00,0x00,0x00,0x00,0x00,0x00,0x00,0x00,0x00,0x00,
  0x00,0x00,0x00,0x00,0x00,0x00,0x00,0x00,0x00,0x00,0x00,0x00,
  0x00,0x00,0x00,0x01,0x07,0x98,0x04,0x7c,0x04,0x7c,0x00,0x00,
  0x00,0x00,0x02,0xc0,0x00,0x00,0x00,0x00,0x00,0x00,0x00,0x46,
  0x00,0x00,0x0f,0xa0,0x00,0x00,0x3f,0xe8,0x00,0x00,0x35,0x00,
  0x34,0x1d,0x35,0xf0,0x00,0x00,0x28,0x00,0x08,0x00,0x00,0x00,
  0x08,0x00,0x00,0x03,0x00,0x00,0x00,0x00,0x00,0xff,0xf4,0x00,
  0x00,0x00,0x00,0x00,0xfe,0x00,0x00,0x00,0x00,0x00,0x00,0x00,
  0x00,0x00,0x00,0x00,0x00,0x00,0x00,0x00,0x00,0x00,0x00,0x00,
  0x00,0x00,0x00,0x00,0x00,0x00,0x00,0x00,0x00,0x00,0x00,0x00,
  0x00,0x00,0x00,0x00,0x00,0x00,0x00,0x00,0x00,0x00,0x00,0x00,
  0x00,0x00,0x00,0x00,0x00,0x00,0x00,0x00,0x00,0x00,0x00,0x00,
  0x00,0x00,0x00,0x00,0x00,0x00,0x00,0x00,0x00,0x00,0x00,0x00,
  0x00,0x00,0x00,0x00,0x00,0x00,0x00,0x00,0x00,0x00,0x00,0x00,
  0x00,0x00,0x00,0x00,0x00,0x00,0x00,0x00,0x00,0x00,0x00,0x00,
  0x00,0x00,0x00,0x00,0x00,0x00,0x00,0x00,0x07,0xf8,0x00,0x09,
  0x00,0x09,0x00,0x00,0x80,0x00,0x81,0x40,0x00,0x00,0x00,0x08,
  0x00,0x00,0x00,0x8a,0x00,0x00,0x00,0x10,0x00,0x00,0x0e,0xff,
  0x00,0x00,0x05,0x4d,0x04,0x00,0x8d,0xf0,0x00,0x10,0xc0,0x00,
  0x00,0x00,0x00,0x00,0x00,0x00,0x00,0x01,0x00,0x00,0x00,0x00,
  0x00,0xff,0xfc,0x00,0x00,0x00,0x00,0x00,0xfe,0x00,0x00,0x00,
  0x00,0x00,0x00,0x00,0x00,0x00,0x00,0x00,0x00,0x00,0x00,0x00,
  0x00,0x00,0x00,0x00,0x00,0x00,0x00,0x00,0x00,0x00,0x00,0x00,
  0x00,0x00,0x00,0x00,0x00,0x00,0x00,0x00,0x00,0x00,0x00,0x00,
  0x00,0x00,0x00,0x00,0x00,0x00,0x00,0x00,0x00,0x00,0x00,0x00,
  0x00,0x00,0x00,0x00,0x00,0x00,0x00,0x00,0x00,0x00,0x00,0x00,
  0x00,0x00,0x00,0x00,0x00,0x00,0x00,0x00,0x00,0x00,0x00,0x00,
  0x00,0x00,0x00,0x00,0x00,0x00,0x00,0x00,0x00,0x00,0x00,0x00,
  0x00,0x00,0x00,0x00,0x00,0x00,0x00,0x00,0x00,0x00,0x07,0xe0,
  0x00,0x18,0x00,0x01,0x00,0x01,0xa0,0x00,0x40,0x00,0x02,0x80,
  0x00,0x00,0x00,0x00,0x00,0x00,0x00,0x46,0x00,0x00,0x10,0x04,
  0x00,0x00,0x70,0x1f,0x00,0x00,0xa0,0x8e,0x00,0x00,0xe1,0xd0,
  0x00,0x10,0xa0,0x00,0x00,0x00,0x00,0x00,0x00,0x00,0x00,0x02,
  0x00,0x00,0x00,0x00,0x00,0x7f,0xec,0x00,0x00,0x00,0x00,0x00,
  0xfe,0x00,0x00,0x00,0x00,0x00,0x00,0x00,0x00,0x00,0x00,0x00,
  0x00,0x00,0x00,0x00,0x00,0x00,0x00,0x00,0x00,0x00,0x00,0x00,
  0x00,0x00,0x00,0x00,0x00,0x00,0x00,0x00,0x00,0x00,0x00,0x00,
  0x00,0x00,0x00,0x00,0x00,0x00,0x00,0x00,0x00,0x00,0x00,0x00,
  0x00,0x00,0x00,0x00,0x00,0x00,0x00,0x00,0x00,0x00,0x00,0x00,
  0x00,0x00,0x00,0x00,0x00,0x00,0x00,0x00,0x00,0x00,0x00,0x00,
  0x00,0x00,0x00,0x00,0x00,0x00,0x00,0x00,0x00,0x00,0x00,0x00,
  0x00,0x00,0x00,0x00,0x00,0x00,0x00,0x00,0x00,0x00,0x00,0x00,
  0x00,0x00,0x00,0x20,0x03,0xc1,0x00,0x00,0x00,0x00,0x70,0x00,
  0x80,0x00,0x01,0x00,0x00,0x00,0x00,0x00,0x00,0x00,0x00,0x22,
  0x00,0x00,0x00,0x00,0x00,0x00,0x6f,0xfd,0x00,0x00,0x00,0x7d,
  0x00,0x00,0x58,0x40,0x00,0x00,0x00,0x00,0x00,0x00,0x00,0x00,
  0x00,0x00,0x00,0x02,0x00,0x00,0x00,0x00,0x00,0x7f,0xfc,0x00,
  0x00,0x00,0x00,0x00,0xfe,0x00,0x00,0x00,0x00,0x00,0x00,0x00,
  0x00,0x00,0x00,0x00,0x00,0x00,0x00,0x00,0x00,0x00,0x00,0x00,
  0x00,0x00,0x00,0x00,0x00,0x00,0x00,0x00,0x00,0x00,0x00,0x00,
  0x00,0x00,0x00,0x00,0x00,0x00,0x00,0x00,0x00,0x00,0x00,0x00,
  0x00,0x00,0x00,0x00,0x00,0x00,0x00,0x00,0x00,0x00,0x00,0x00,
  0x00,0x00,0x00,0x00,0x00,0x00,0x00,0x00,0x00,0x00,0x00,0x00,
  0x00,0x00,0x00,0x00,0x00,0x00,0x00,0x00,0x00,0x00,0x00,0x00,
  0x00,0x00,0x00,0x00,0x00,0x00,0x00,0x00,0x00,0x00,0x00,0x00,
  0x00,0x00,0x00,0x00,0x00,0x00,0x00,0x00,0x0d,0xf1,0x0a,0x70,
  0x0a,0x70,0xe8,0x00,0x00,0x00,0x00,0x00,0x00,0x00,0x00,0x00,
  0x00,0x00,0x00,0x02,0x00,0x00,0x00,0x03,0x00,0x00,0x5e,0x07,
  0x00,0x00,0xe0,0x1a,0x00,0x20,0xfe,0x00,0x00,0x00,0x98,0x00,
  0x00,0x00,0x00,0x00,0x00,0x00,0x00,0x01,0x00,0x00,0x00,0x00,
  0x00,0x3f,0x7c,0x00,0x00,0x00,0x00,0x00,0xfe,0x00,0x00,0x00,
  0x00,0x00,0x00,0x00,0x00,0x00,0x00,0x00,0x00,0x00,0x00,0x00,
  0x00,0x00,0x00,0x00,0x00,0x00,0x00,0x00,0x00,0x00,0x00,0x00,
  0x00,0x00,0x00,0x00,0x00,0x00,0x00,0x00,0x00,0x00,0x00,0x00,
  0x00,0x00,0x00,0x00,0x00,0x00,0x00,0x00,0x00,0x00,0x00,0x00,
  0x00,0x00,0x00,0x00,0x00,0x00,0x00,0x00,0x00,0x00,0x00,0x00,
  0x00,0x00,0x00,0x00,0x00,0x00,0x00,0x00,0x00,0x00,0x00,0x00,
  0x00,0x00,0x00,0x00,0x00,0x00,0x00,0x00,0x00,0x00,0x00,0x00,
  0x00,0x00,0x00,0x00,0x00,0x00,0x00,0x00,0x00,0x00,0x00,0x03,
  0x07,0xf0,0x0a,0x80,0x08,0x80,0x46,0x00,0x80,0x00,0x00,0x00,
  0x00,0x00,0x00,0x00,0x00,0x00,0x00,0x02,0x00,0x00,0x00,0x00,
  0x00,0x00,0x40,0x7f,0x00,0x00,0x1c,0x1d,0x00,0x00,0x7f,0x80,
  0x00,0x00,0x18,0x00,0x00,0x00,0x00,0x00,0x00,0x00,0x00,0x00,
  0x00,0x00,0x00,0x00,0x00,0x3f,0xfc,0x00,0x00,0x00,0x00,0x00,
  0xfe,0x00,0x00,0x00,0x00,0x00,0x00,0x00,0x00,0x00,0x00,0x00,
  0x00,0x00,0x00,0x00,0x00,0x00,0x00,0x00,0x00,0x00,0x00,0x00,
  0x00,0x00,0x00,0x00,0x00,0x00,0x00,0x00,0x00,0x00,0x00,0x00,
  0x00,0x00,0x00,0x00,0x00,0x00,0x00,0x00,0x00,0x00,0x00,0x00,
  0x00,0x00,0x00,0x00,0x00,0x00,0x00,0x00,0x00,0x00,0x00,0x00,
  0x00,0x00,0x00,0x00,0x00,0x00,0x00,0x00,0x00,0x00,0x00,0x00,
  0x00,0x00,0x00,0x00,0x00,0x00,0x00,0x00,0x00,0x00,0x00,0x00,
  0x00,0x00,0x00,0x00,0x00,0x00,0x00,0x00,0x00,0x00,0x00,0x00,
  0x00,0x00,0x0a,0x81,0x01,0x62,0x00,0x00,0x00,0x00,0x06,0x00,
  0x00,0x00,0x00,0x00,0x00,0x00,0x00,0x00,0x00,0x00,0x00,0x00,
  0x00,0x00,0x03,0x5d,0x00,0x00,0x1f,0xff,0x00,0x00,0x02,0x04,
  0x00,0x00,0xdf,0xa0,0x00,0x00,0x10,0x00,0x00,0x00,0x00,0x00,
  0x00,0x00,0x00,0x00,0x00,0x00,0x00,0x00,0x00,0x1f,0x7c,0x00,
  0x00,0x00,0x00,0x00,0xfe,0x00,0x00,0x00,0x00,0x00,0x00,0x00,
  0x00,0x00,0x00,0x00,0x00,0x00,0x00,0x00,0x00,0x00,0x00,0x00,
  0x00,0x00,0x00,0x00,0x00,0x00,0x00,0x00,0x00,0x00,0x00,0x00,
  0x00,0x00,0x00,0x00,0x00,0x00,0x00,0x00,0x00,0x00,0x00,0x00,
  0x00,0x00,0x00,0x00,0x00,0x00,0x00,0x00,0x00,0x00,0x00,0x00,
  0x00,0x00,0x00,0x00,0x00,0x00,0x00,0x00,0x00,0x00,0x00,0x00,
  0x00,0x00,0x00,0x00,0x00,0x00,0x00,0x00,0x00,0x00,0x00,0x00,
  0x00,0x00,0x00,0x00,0x00,0x00,0x00,0x00,0x00,0x00,0x00,0x00,
  0x00,0x00,0x00,0x00,0x00,0x00,0x08,0x51,0x07,0xa2,0x00,0x00,
  0x00,0x00,0x0c,0x00,0x00,0x00,0x00,0x00,0x00,0x00,0x00,0x00,
  0x00,0x00,0x00,0x00,0x00,0x00,0x07,0xfb,0x00,0x00,0x7f,0xff,
  0x00,0x00,0x40,0x01,0x00,0x00,0xf7,0xb0,0x00,0x00,0x10,0x00,
  0x00,0x00,0x00,0x00,0x00,0x00,0x00,0x00,0x00,0x00,0x00,0x00,
  0x00,0x0f,0x7c,0x00,0x00,0x00,0x00,0x00,0xfe,0x00,0x00,0x00,
  0x00,0x00,0x00,0x00,0x00,0x00,0x00,0x00,0x00,0x00,0x00,0x00,
  0x00,0x00,0x00,0x00,0x00,0x00,0x00,0x00,0x00,0x00,0x00,0x00,
  0x00,0x00,0x00,0x00,0x00,0x00,0x00,0x00,0x00,0x00,0x00,0x00,
  0x00,0x00,0x00,0x00,0x00,0x00,0x00,0x00,0x00,0x00,0x00,0x00,
  0x00,0x00,0x00,0x00,0x00,0x00,0x00,0x00,0x00,0x00,0x00,0x00,
  0x00,0x00,0x00,0x00,0x00,0x00,0x00,0x00,0x00,0x00,0x00,0x00,
  0x00,0x00,0x00,0x00,0x00,0x00,0x00,0x00,0x00,0x00,0x00,0x00,
  0x00,0x00,0x00,0x00,0x00,0x00,0x00,0x00,0x00,0x00,0x01,0x01,
  0x0e,0x82,0x1c,0xe0,0x14,0xe0,0x10,0x00,0x00,0x00,0x90,0x00,
  0x00,0x00,0x00,0x01,0x00,0x00,0x00,0x01,0x00,0x00,0xfe,0xaa,
  0x00,0x00,0xff,0xff,0x00,0x00,0x00,0x00,0x00,0x00,0xfd,0xf4,
  0x00,0x00,0x40,0x00,0x00,0x00,0x00,0x00,0x00,0x00,0x00,0x00,
  0x00,0x00,0x00,0x00,0x00,0x07,0xbc,0x00,0x00,0x00,0x00,0x00,
  0xfe,0x00,0x00,0x00,0x00,0x00,0x00,0x00,0x00,0x00,0x00,0x00,
  0x00,0x00,0x00,0x00,0x00,0x00,0x00,0x00,0x00,0x00,0x00,0x00,
  0x00,0x00,0x00,0x00,0x00,0x00,0x00,0x00,0x00,0x00,0x00,0x00,
  0x00,0x00,0x00,0x00,0x00,0x00,0x00,0x00,0x00,0x00,0x00,0x00,
  0x00,0x00,0x00,0x00,0x00,0x00,0x00,0x00,0x00,0x00,0x00,0x00,
  0x00,0x00,0x00,0x00,0x00,0x00,0x00,0x00,0x00,0x00,0x00,0x00,
  0x00,0x00,0x00,0x00,0x00,0x00,0x00,0x00,0x00,0x00,0x00,0x00,
  0x00,0x00,0x00,0x00,0x00,0x00,0x00,0x00,0x00,0x00,0x00,0x00,
  0x00,0x00,0x00,0x20,0x1e,0xc6,0x13,0x01,0x03,0x00,0x00,0x00,
  0x08,0x00,0x10,0x00,0x00,0x00,0x00,0x00,0x00,0x00,0x00,0x1f,
  0x00,0x00,0x55,0x50,0x00,0x00,0xff,0xff,0x00,0x00,0x00,0x00,
  0x00,0x00,0xfe,0xfa,0x00,0x00,0x20,0x00,0x00,0x00,0x00,0x00,
  0x00,0x00,0x00,0x00,0x00,0x00,0x00,0x00,0x00,0x07,0x7c,0x00,
  0x00,0x00,0x00,0x00,0xfe,0x00,0x00,0x00,0x00,0x00,0x00,0x00,
  0x00,0x00,0x00,0x00,0x00,0x00,0x00,0x00,0x00,0x00,0x00,0x00,
  0x00,0x00,0x00,0x00,0x00,0x00,0x00,0x00,0x00,0x00,0x00,0x00,
  0x00,0x00,0x00,0x00,0x00,0x00,0x00,0x00,0x00,0x00,0x00,0x00,
  0x00,0x00,0x00,0x00,0x00,0x00,0x00,0x00,0x00,0x00,0x00,0x00,
  0x00,0x00,0x00,0x00,0x00,0x00,0x00,0x00,0x00,0x00,0x00,0x00,
  0x00,0x00,0x00,0x00,0x00,0x00,0x00,0x00,0x00,0x00,0x00,0x00,
  0x00,0x00,0x00,0x00,0x00,0x00,0x00,0x00,0x00,0x00,0x00,0x00,
  0x00,0x00,0x00,0x00,0x00,0x00,0x03,0x03,0x18,0xc4,0x00,0xc1,
  0x00,0x00,0x10,0x00,0x00,0x00,0x28,0x10,0x00,0x00,0x00,0x3e,
  0x00,0x00,0x00,0x7f,0x00,0x00,0xae,0x80,0x00,0x00,0xff,0xff,
  0x00,0x00,0x00,0x00,0x00,0x00,0xff,0x6d,0x00,0x00,0x20,0x00,
  0x00,0x00,0x20,0x00,0x00,0x00,0x00,0x00,0x00,0x00,0x00,0x00,
  0x00,0x03,0x3c,0x00,0x00,0x00,0x00,0x00,0xfe,0x00,0x00,0x00,
  0x00,0x00,0x00,0x00,0x00,0x00,0x00,0x00,0x00,0x00,0x00,0x00,
  0x00,0x00,0x00,0x00,0x00,0x00,0x00,0x00,0x00,0x00,0x00,0x00,
  0x00,0x00,0x00,0x00,0x00,0x00,0x00,0x00,0x00,0x00,0x00,0x00,
  0x00,0x00,0x00,0x00,0x00,0x00,0x00,0x00,0x00,0x00,0x00,0x00,
  0x00,0x00,0x00,0x00,0x00,0x00,0x00,0x00,0x00,0x00,0x00,0x00,
  0x00,0x00,0x00,0x00,0x00,0x00,0x00,0x00,0x00,0x00,0x00,0x00,
  0x00,0x00,0x00,0x00,0x00,0x00,0x00,0x00,0x00,0x00,0x00,0x00,
  0x00,0x00,0x00,0x00,0x00,0x00,0x00,0x00,0x00,0x00,0x18,0x48,
  0x07,0x86,0x00,0x00,0x00,0x00,0x30,0x00,0x20,0x00,0xa0,0x00,
  0x00,0x00,0x00,0xff,0x00,0x00,0x03,0xff,0x00,0x00,0xc0,0x00,
  0x00,0x00,0xff,0xff,0x00,0x00,0x00,0x00,0x00,0x00,0xff,0x96,
  0x00,0x00,0x00,0x00,0x00,0x00,0x80,0x00,0x00,0x00,0x00,0x00,
  0x00,0x00,0x00,0x00,0x00,0x03,0x3f,0x00,0x00,0x00,0x00,0x00,
  0xfe,0x00,0x00,0x00,0x00,0x00,0x00,0x00,0x00,0x00,0x00,0x00,
  0x00,0x00,0x00,0x00,0x00,0x00,0x00,0x00,0x00,0x00,0x00,0x00,
  0x00,0x00,0x00,0x00,0x00,0x00,0x00,0x00,0x00,0x00,0x00,0x00,
  0x00,0x00,0x00,0x00,0x00,0x00,0x00,0x00,0x00,0x00,0x00,0x00,
  0x00,0x00,0x00,0x00,0x00,0x00,0x00,0x00,0x00,0x00,0x00,0x00,
  0x00,0x00,0x00,0x00,0x00,0x00,0x00,0x00,0x00,0x00,0x00,0x00,
  0x00,0x00,0x00,0x00,0x00,0x00,0x00,0x00,0x00,0x00,0x00,0x00,
  0x00,0x00,0x00,0x00,0x00,0x00,0x00,0x00,0x00,0x00,0x00,0x00,
  0x00,0x00,0x22,0x00,0x1f,0x8c,0x1d,0x02,0x00,0x00,0x10,0x00,
  0x00,0x00,0x20,0x00,0x00,0x00,0x03,0xff,0x00,0x00,0x07,0xff,
  0x00,0x00,0xe0,0x00,0x00,0x00,0xff,0xff,0x00,0x00,0x00,0x00,
  0x00,0x00,0xff,0x90,0x00,0x00,0x00,0x00,0x00,0x00,0x40,0x00,
  0x00,0x00,0x00,0x00,0x00,0x00,0x00,0x00,0x00,0x03,0x1e,0x00,
  0x00,0x00,0x00,0x00,0xff,0x00,0x00,0x00,0x00,0x00,0x00,0x00,
  0x00,0x00,0x00,0x00,0x00,0x00,0x00,0x00,0x00,0x00,0x00,0x00,
  0x00,0x00,0x00,0x00,0x00,0x00,0x00,0x00,0x00,0x00,0x00,0x00,
  0x00,0x00,0x00,0x00,0x00,0x00,0x00,0x00,0x00,0x00,0x00,0x00,
  0x00,0x00,0x00,0x00,0x00,0x00,0x00,0x00,0x00,0x00,0x00,0x00,
  0x00,0x00,0x00,0x00,0x00,0x00,0x00,0x00,0x00,0x00,0x00,0x00,
  0x00,0x00,0x00,0x00,0x00,0x00,0x00,0x00,0x00,0x00,0x00,0x00,
  0x00,0x00,0x00,0x00,0x00,0x00,0x00,0x00,0x00,0x00,0x00,0x00,
  0x00,0x00,0x00,0x00,0x00,0x00,0x08,0x08,0x72,0xe4,0x61,0x84,
  0x01,0x00,0x20,0x00,0x00,0x00,0x40,0x00,0x00,0x00,0x0f,0xff,
  0x00,0x00,0x0f,0xff,0x00,0x00,0xa0,0x00,0x00,0x00,0xff,0xff,
  0x00,0x00,0x00,0x00,0x00,0x00,0xff,0x58,0x00,0x00,0x00,0x00,
  0x00,0x00,0xc0,0x00,0x00,0x00,0x00,0x00,0x00,0x00,0x00,0x00,
  0x00,0x01,0x3f,0xb4,0x00,0x00,0x00,0x00,0xff,0xfe,0x00,0x00,
  0x00,0x00,0x00,0x00,0x00,0x00,0x00,0x00,0x00,0x00,0x00,0x00,
  0x00,0x00,0x00,0x00,0x00,0x00,0x00,0x00,0x00,0x00,0x00,0x00,
  0x00,0x00,0x00,0x00,0x00,0x00,0x00,0x00,0x00,0x00,0x00,0x00,
  0x00,0x00,0x00,0x00,0x00,0x00,0x00,0x00,0x00,0x00,0x00,0x00,
  0x00,0x00,0x00,0x00,0x00,0x00,0x00,0x00,0x00,0x00,0x00,0x00,
  0x00,0x00,0x00,0x00,0x00,0x00,0x00,0x00,0x00,0x00,0x00,0x00,
  0x00,0x00,0x00,0x00,0x00,0x00,0x00,0x00,0x00,0x00,0x00,0x00,
  0x00,0x00,0x00,0x00,0x00,0x00,0x00,0x00,0x00,0x00,0x03,0x3c,
  0x28,0xc0,0xfc,0x00,0xd4,0x00,0x20,0x00,0x00,0x00,0x40,0x04,
  0x00,0x00,0x0f,0xfd,0x00,0x00,0x0f,0xff,0x00,0x00,0x40,0x00,
  0x00,0x00,0xfe,0xff,0x00,0x00,0x00,0x00,0x00,0x00,0xfe,0xa8,
  0x00,0x00,0x00,0x00,0x00,0x00,0x80,0x00,0x00,0x00,0x00,0x00,
  0x00,0x00,0x00,0x00,0x00,0x01,0x17,0xfc,0x00,0x00,0x00,0x00,
  0x7f,0xff,0x40,0x00,0x00,0x00,0x00,0x00,0x70,0x00,0x00,0x00,
  0x00,0x00,0x00,0x00,0x00,0x00,0x00,0x00,0x00,0x00,0x00,0x00,
  0x00,0x00,0x00,0x00,0x00,0x00,0x00,0x00,0x00,0x00,0x00,0x00,
  0x00,0x00,0x00,0x00,0x00,0x00,0x00,0x00,0x00,0x00,0x00,0x00,
  0x00,0x00,0x00,0x00,0x00,0x00,0x00,0x00,0x00,0x00,0x00,0x00,
  0x00,0x00,0x00,0x00,0x00,0x00,0x00,0x00,0x00,0x00,0x00,0x00,
  0x00,0x00,0x00,0x00,0x00,0x00,0x00,0x00,0x00,0x00,0x00,0x00,
  0x00,0x00,0x00,0x00,0x00,0x00,0x00,0x10,0x00,0x00,0x00,0x0e,
  0x00,0x0e,0x00,0x9c,0x1f,0x20,0x08,0x00,0x08,0x00,0x00,0x00,
  0x00,0x00,0x20,0x02,0x00,0x00,0x1f,0xfa,0x00,0x00,0x1f,0xff,
  0x00,0x00,0x00,0x00,0x00,0x00,0xff,0x7f,0x00,0x00,0x01,0x00,
  0x00,0x00,0xf9,0x48,0x00,0x00,0x00,0x00,0x00,0x00,0x80,0x00,
  0x00,0x00,0x00,0x00,0x00,0x00,0x00,0x00,0x00,0x01,0x0f,0xff,
  0x00,0x00,0x00,0x00,0xff,0xff,0x80,0x00,0x00,0x00,0x00,0x00,
  0xc8,0x00,0x00,0x00,0x00,0x00,0x00,0x00,0x00,0x00,0x00,0x00,
  0x00,0x00,0x00,0x00,0x00,0x00,0x00,0x00,0x00,0x00,0x00,0x00,
  0x00,0x00,0x00,0x00,0x00,0x00,0x00,0x00,0x00,0x00,0x00,0x00,
  0x00,0x00,0x00,0x00,0x00,0x00,0x00,0x00,0x00,0x00,0x00,0x00,
  0x00,0x00,0x00,0x00,0x00,0x00,0x00,0x00,0x00,0x00,0x00,0x00,
  0x00,0x00,0x00,0x00,0x00,0x00,0x00,0x00,0x00,0x00,0x00,0x00,
  0x00,0x00,0x00,0x00,0x00,0x00,0x00,0x00,0x00,0x00,0x00,0x04,
  0x00,0x3f,0x00,0x7f,0x00,0x7f,0x22,0xbe,0x8c,0x40,0xcc,0x00,
  0xc0,0x00,0xf0,0x00,0x00,0x00,0x00,0x01,0x00,0x00,0x1f,0xf4,
  0x00,0x00,0x3f,0xff,0x00,0x00,0x00,0x00,0x00,0x00,0xff,0x3e,
  0x00,0x00,0x00,0x00,0x00,0x00,0x94,0xa0,0x00,0x00,0x00,0x00,
  0x00,0x00,0x80,0x00,0x00,0x00,0x00,0x00,0x00,0x00,0x00,0x00,
  0x00,0x00,0x1e,0x3f,0x00,0x00,0x00,0x00,0xbf,0xff,0xfc,0x00,
  0x00,0x00,0x00,0x00,0xf4,0x00,0x00,0x00,0x00,0x00,0x00,0x00,
  0x00,0x00,0x00,0x00,0x00,0x00,0x00,0x00,0x00,0x00,0x00,0x00,
  0x00,0x00,0x00,0x00,0x00,0x00,0x00,0x00,0x00,0x00,0x00,0x00,
  0x00,0x00,0x00,0x00,0x00,0x00,0x00,0x00,0x00,0x00,0x00,0x00,
  0x00,0x00,0x00,0x00,0x00,0x00,0x00,0x00,0x00,0x00,0x00,0x00,
  0x00,0x00,0x00,0x00,0x00,0x00,0x00,0x00,0x00,0x00,0x00,0x00,
  0x00,0x00,0x00,0x00,0x00,0x00,0x00,0x00,0x00,0x00,0x00,0x00,
  0x00,0x00,0x00,0x1f,0x00,0x7f,0x00,0xff,0x00,0xff,0x12,0x7f,
  0x61,0x80,0xc0,0x00,0xc0,0x00,0x10,0x02,0x04,0x6c,0x07,0xf0,
  0x07,0xd0,0x1f,0xe8,0x00,0x00,0xbf,0xff,0x00,0x00,0x00,0x00,
  0x00,0x00,0xfb,0x93,0x00,0x00,0x40,0x00,0x00,0x00,0x5a,0x21,
  0x00,0x00,0x01,0x0a,0x05,0xb1,0x00,0x55,0x00,0x55,0x20,0x40,
  0x08,0x00,0x38,0x3e,0x38,0x3e,0x2f,0x82,0x00,0x00,0x00,0x00,
  0x7f,0xc7,0xbd,0x10,0x00,0x00,0x00,0xf0,0xfd,0xf0,0x00,0x00,
  0x00,0x00,0x00,0x00,0x00,0x00,0x00,0x00,0x00,0x00,0x00,0x00,
  0x00,0x00,0x00,0x00,0x00,0x00,0x00,0x00,0x00,0x00,0x00,0x00,
  0x00,0x00,0x00,0x00,0x00,0x00,0x00,0x00,0x00,0x00,0x00,0x00,
  0x00,0x00,0x00,0x00,0x00,0x00,0x00,0x00,0x00,0x00,0x00,0x00,
  0x00,0x00,0x00,0x00,0x00,0x00,0x00,0x00,0x00,0x00,0x00,0x00,
  0x00,0x00,0x00,0x00,0x00,0x00,0x00,0x00,0x00,0x00,0x00,0x00,
  0x00,0x00,0x00,0x00,0x00,0x00,0x00,0x00,0x01,0xff,0x00,0x3f,
  0x00,0x3e,0x00,0xf7,0x77,0x00,0x84,0x00,0x80,0x00,0x92,0x72,
  0x00,0xfc,0x05,0x00,0x05,0x00,0x3d,0xf0,0x00,0x00,0x3f,0xff,
  0x00,0x00,0x00,0x20,0x00,0x00,0xfd,0xa9,0x00,0x00,0x80,0x00,
  0x00,0x00,0x85,0x41,0x00,0x00,0x00,0x84,0x00,0x77,0x00,0x2a,
  0x00,0x0a,0x40,0x7e,0xe4,0x14,0xfc,0x00,0xfc,0x00,0x17,0xf8,
  0x00,0x00,0x00,0x00,0x7f,0xf8,0x06,0x40,0x00,0x3c,0x00,0x7c,
  0xde,0x7c,0x00,0x00,0x00,0x00,0x00,0x00,0x00,0x00,0x00,0x00,
  0x00,0x00,0x00,0x00,0x00,0x00,0x00,0x00,0x00,0x00,0x00,0x00,
  0x00,0x00,0x00,0x00,0x00,0x00,0x00,0x00,0x00,0x00,0x00,0x00,
  0x00,0x00,0x00,0x00,0x00,0x00,0x00,0x00,0x00,0x00,0x00,0x00,
  0x00,0x00,0x00,0x00,0x00,0x00,0x00,0x00,0x00,0x00,0x00,0x00,
  0x00,0x00,0x00,0x00,0x00,0x00,0x00,0x00,0x00,0x00,0x00,0x00,
  0x00,0x00,0x00,0x00,0x00,0x00,0x00,0x00,0x00,0x00,0x02,0x00,
  0x01,0xd1,0x00,0x2e,0x00,0x2e,0x01,0xdc,0xfa,0x00,0x00,0x00,
  0x00,0x00,0x13,0xe8,0x04,0x80,0x02,0x00,0x02,0x00,0x3b,0xe8,
  0x00,0x00,0x7f,0xff,0x00,0x00,0x00,0x00,0x00,0x00,0x99,0x92,
  0x00,0x00,0x40,0x00,0x00,0x00,0x42,0x02,0x00,0x00,0x05,0x1c,
  0x00,0x4e,0x00,0x21,0x00,0x21,0x50,0x28,0xec,0x00,0x1e,0x00,
  0x1e,0x00,0x0d,0xfc,0x00,0x00,0x00,0x00,0x7f,0xfc,0x03,0x98,
  0x00,0x01,0x00,0x3f,0x07,0xbf,0x00,0x00,0x00,0x00,0x00,0x00,
  0x00,0x00,0x00,0x00,0x00,0x00,0x00,0x00,0x00,0x00,0x00,0x00,
  0x00,0x00,0x00,0x00,0x00,0x00,0x00,0x00,0x00,0x00,0x00,0x00,
  0x00,0x00,0x00,0x00,0x00,0x00,0x00,0x00,0x00,0x00,0x00,0x00,
  0x00,0x00,0x00,0x00,0x00,0x00,0x00,0x00,0x00,0x00,0x00,0x00,
  0x00,0x00,0x00,0x00,0x00,0x00,0x00,0x00,0x00,0x00,0x00,0x00,
  0x00,0x00,0x00,0x00,0x00,0x00,0x00,0x00,0x00,0x00,0x00,0x00,
  0x00,0x00,0x37,0x00,0x28,0xff,0x38,0x00,0x38,0x00,0x03,0x79,
  0xf4,0x00,0x04,0x00,0x00,0x00,0x07,0x50,0x00,0x00,0x00,0x00,
  0x00,0x00,0x35,0xd0,0x00,0x00,0x7f,0xff,0x00,0x00,0x00,0x00,
  0x00,0x00,0xec,0x80,0x00,0x00,0x00,0x00,0x00,0x00,0x84,0x06,
  0x00,0x00,0x0a,0x63,0x01,0xdc,0x00,0x00,0x00,0x00,0xd0,0x00,
  0x9c,0x00,0x22,0x00,0x22,0x00,0x00,0x14,0x00,0x00,0x00,0x00,
  0x3f,0xfe,0x00,0x77,0x00,0x3f,0x00,0x00,0x00,0x00,0xc0,0x00,
  0x80,0x00,0x00,0x00,0x00,0x00,0x00,0x00,0x00,0x00,0x00,0x00,
  0x00,0x00,0x00,0x00,0x00,0x00,0x00,0x00,0x00,0x00,0x00,0x00,
  0x00,0x00,0x00,0x00,0x00,0x00,0x00,0x00,0x00,0x00,0x00,0x00,
  0x00,0x00,0x00,0x00,0x00,0x00,0x00,0x00,0x00,0x00,0x00,0x00,
  0x00,0x00,0x00,0x00,0x00,0x00,0x00,0x00,0x00,0x00,0x00,0x00,
  0x00,0x00,0x00,0x00,0x00,0x00,0x00,0x00,0x00,0x00,0x00,0x00,
  0x00,0x00,0x00,0x00,0x00,0x00,0x0f,0x00,0x00,0xff,0xf8,0x00,
  0xf8,0x00,0x15,0xc0,0xe8,0x00,0x08,0x00,0x00,0x00,0x02,0x80,
  0x10,0x00,0x00,0x00,0x00,0x00,0x23,0xa0,0x00,0x00,0x7b,0xff,
  0x00,0x00,0x00,0x00,0x00,0x00,0xf4,0xc1,0x00,0x00,0x00,0x00,
  0x00,0x00,0x00,0x0c,0x00,0x00,0x16,0x30,0x01,0xed,0x00,0x0a,
  0x00,0x0a,0x55,0x1e,0xe1,0x00,0x0f,0x00,0x0f,0x00,0x00,0x00,
  0x00,0x00,0x00,0x00,0x00,0x08,0x00,0x08,0x00,0x04,0xff,0xff,
  0xff,0xff,0x00,0x00,0x00,0x00,0xe0,0x00,0xe0,0x00,0x00,0x00,
  0x00,0x00,0x00,0x00,0x00,0x00,0x00,0x00,0x00,0x00,0x00,0x00,
  0x00,0x00,0x00,0x00,0x00,0x00,0x00,0x00,0x00,0x00,0x00,0x00,
  0x00,0x00,0x00,0x00,0x00,0x00,0x00,0x00,0x00,0x00,0x00,0x00,
  0x00,0x00,0x00,0x00,0x00,0x00,0x00,0x00,0x00,0x00,0x00,0x00,
  0x00,0x00,0x00,0x00,0x00,0x00,0x00,0x00,0x00,0x00,0x00,0x00,
  0x00,0x00,0x00,0x01,0x00,0x02,0x00,0x03,0x00,0x01,0x00,0x00,
  0x00,0x7f,0xf0,0x00,0xf0,0x00,0x0c,0x00,0xd0,0x0f,0x10,0x0c,
  0x00,0x00,0xf0,0x00,0x00,0x00,0x00,0x00,0x00,0x00,0x35,0xc0,
  0x00,0x00,0x7f,0xff,0x00,0x00,0x00,0x00,0x00,0x00,0xe4,0x88,
  0x00,0x00,0x00,0x00,0x00,0x00,0x00,0x50,0x00,0x00,0x0d,0x8e,
  0x00,0xf0,0x02,0x55,0x02,0x55,0x00,0x1d,0x01,0x87,0xff,0x03,
  0xff,0x01,0xff,0x3f,0x00,0xff,0x00,0x00,0x00,0x00,0xea,0xa1,
  0xea,0xa1,0x15,0x5e,0x15,0x5e,0x58,0x00,0xd0,0x00,0xa0,0x00,
  0x20,0x00,0x00,0x00,0x00,0x00,0x00,0x00,0x00,0x00,0x00,0x00,
  0x00,0x00,0x00,0x00,0x00,0x00,0x00,0x00,0x00,0x00,0x00,0x00,
  0x00,0x00,0x00,0x00,0x00,0x00,0x00,0x00,0x00,0x00,0x00,0x00,
  0x00,0x00,0x00,0x00,0x00,0x00,0x00,0x00,0x00,0x00,0x00,0x00,
  0x00,0x00,0x00,0x00,0x00,0x00,0x00,0x00,0x00,0x00,0x00,0x00,
  0x00,0x00,0x00,0x00,0x00,0x00,0x00,0x06,0x00,0x06,0x00,0x09,
  0x00,0x09,0x80,0x08,0x83,0x07,0x73,0x04,0x70,0x00,0x50,0x5f,
  0xa0,0x20,0x00,0x20,0x00,0x00,0x90,0x02,0x00,0x00,0x00,0x00,
  0x00,0x00,0x23,0xa0,0x00,0x00,0xff,0xff,0x00,0x00,0x00,0x00,
  0x00,0x00,0xe4,0x90,0x00,0x00,0x00,0x00,0x00,0x00,0x0b,0xa0,
  0x00,0x00,0x33,0x81,0x09,0xd5,0x04,0x2a,0x04,0x2a,0x1a,0x4f,
  0x18,0x0f,0xe7,0x80,0xe7,0x80,0x63,0xff,0x9f,0xff,0xc0,0x00,
  0xc0,0x00,0xa3,0xf0,0xff,0xff,0x40,0x00,0x00,0x00,0xde,0x00,
  0xfe,0x00,0x00,0x00,0x00,0x00,0x00,0x00,0x00,0x00,0x00,0x00,
  0x00,0x00,0x00,0x00,0x00,0x00,0x00,0x00,0x00,0x00,0x00,0x00,
  0x00,0x00,0x00,0x00,0x00,0x00,0x00,0x00,0x00,0x00,0x00,0x00,
  0x00,0x00,0x00,0x00,0x00,0x00,0x00,0x00,0x00,0x00,0x00,0x00,
  0x00,0x00,0x00,0x00,0x00,0x00,0x00,0x00,0x00,0x00,0x00,0x00,
  0x00,0x00,0x00,0x00,0x00,0x00,0x00,0x00,0x00,0x00,0x00,0x00,
  0x00,0x04,0x00,0x1f,0x00,0x1f,0x07,0x08,0x00,0xa0,0xf0,0xf0,
  0xf0,0x70,0x01,0xe3,0x03,0x00,0x00,0x00,0x00,0x00,0xd0,0xaa,
  0x00,0x14,0x00,0x00,0x00,0x00,0x43,0x40,0x00,0x00,0xff,0xff,
  0x00,0x00,0x00,0x00,0x00,0x00,0xf6,0x80,0x00,0x00,0x00,0x00,
  0x00,0x00,0x56,0x00,0x00,0x00,0x08,0x20,0xe1,0x00,0x17,0xff,
  0x17,0xff,0x00,0xcd,0x08,0x47,0xff,0x80,0xff,0x80,0x10,0x00,
  0xcf,0xff,0x7f,0xff,0x7f,0xff,0x00,0x00,0xff,0xff,0xff,0xff,
  0xff,0xff,0x00,0x80,0xff,0x00,0xff,0x00,0xff,0x00,0x00,0x00,
  0x00,0x00,0x00,0x00,0x00,0x00,0x00,0x00,0x00,0x00,0x00,0x00,
  0x00,0x00,0x00,0x00,0x00,0x00,0x00,0x00,0x00,0x00,0x00,0x00,
  0x00,0x00,0x00,0x00,0x00,0x00,0x00,0x00,0x00,0x00,0x00,0x00,
  0x00,0x00,0x00,0x00,0x00,0x00,0x00,0x00,0x00,0x00,0x00,0x00,
  0x00,0x00,0x00,0x00,0x00,0x00,0x00,0x00,0x00,0x00,0x00,0x00,
  0x00,0x00,0x00,0x29,0x00,0x82,0x00,0x7f,0x00,0x7f,0x23,0x98,
  0x80,0x65,0xf0,0x01,0xf0,0x00,0xff,0x82,0x40,0x00,0x00,0x00,
  0x00,0x00,0x01,0x92,0x02,0xd4,0x00,0x68,0x00,0x68,0x27,0x80,
  0x00,0x00,0xff,0xff,0x00,0x00,0x00,0x00,0x00,0x00,0xf2,0x92,
  0x00,0x00,0x00,0x0a,0x00,0x03,0xa0,0x01,0x00,0x01,0xa2,0x04,
  0x00,0xa8,0x7f,0xff,0x7f,0xff,0x90,0x43,0x04,0x43,0xff,0xe0,
  0xff,0xe0,0x48,0x28,0xf7,0xd7,0x3f,0xff,0x3f,0xff,0xa8,0x09,
  0x57,0xf6,0xff,0xff,0xff,0xff,0x00,0x30,0xff,0xc0,0xff,0xc0,
  0xff,0xc0,0x00,0x00,0x00,0x00,0x00,0x00,0x00,0x00,0x00,0x00,
  0x00,0x00,0x00,0x00,0x00,0x00,0x00,0x00,0x00,0x00,0x00,0x00,
  0x00,0x00,0x00,0x00,0x00,0x00,0x00,0x00,0x00,0x00,0x00,0x00,
  0x00,0x00,0x00,0x00,0x00,0x00,0x00,0x00,0x00,0x00,0x00,0x00,
  0x00,0x00,0x00,0x00,0x00,0x00,0x00,0x00,0x00,0x00,0x00,0x00,
  0x00,0x00,0x00,0x00,0x00,0x00,0x06,0x80,0x01,0x44,0x01,0xff,
  0x01,0xff,0x3c,0x00,0xb0,0x0d,0xc0,0x01,0xc0,0x00,0x9e,0x00,
  0x40,0x00,0x00,0x00,0x00,0x00,0x4a,0x00,0x1e,0x00,0x25,0xfe,
  0x25,0xfe,0x4f,0xc0,0x00,0x00,0xff,0xff,0x00,0x00,0x00,0x00,
  0x00,0x00,0xf3,0x28,0x00,0x00,0x00,0x69,0x00,0x48,0x00,0x17,
  0x00,0x17,0x08,0xa0,0x12,0x02,0xff,0xff,0xff,0xff,0x02,0x22,
  0x10,0x73,0xff,0xd0,0xff,0xc0,0xa4,0x00,0xfb,0xff,0x18,0x00,
  0x10,0x00,0x00,0x00,0xff,0xff,0x00,0x00,0x00,0x00,0x08,0x00,
  0xff,0xf0,0x00,0x00,0x00,0x00,0x00,0x00,0x00,0x00,0x00,0x00,
  0x00,0x00,0x00,0x00,0x00,0x00,0x00,0x00,0x00,0x00,0x00,0x00,
  0x00,0x00,0x00,0x00,0x00,0x00,0x00,0x00,0x00,0x00,0x00,0x00,
  0x00,0x00,0x00,0x00,0x00,0x00,0x00,0x00,0x00,0x00,0x00,0x00,
  0x00,0x00,0x00,0x00,0x00,0x00,0x00,0x00,0x00,0x00,0x00,0x00,
  0x00,0x00,0x00,0x00,0x00,0x00,0x00,0x00,0x00,0x00,0x12,0x2a,
  0x0d,0x00,0x0f,0xff,0x0f,0xff,0x84,0x00,0x01,0x00,0xfa,0x00,
  0xfa,0x00,0x01,0x80,0x00,0x60,0x00,0x3f,0x00,0x1f,0x02,0x44,
  0x10,0x00,0xff,0xfe,0xff,0xfe,0x1f,0x80,0x00,0x00,0xff,0xff,
  0x00,0x00,0x00,0x00,0x00,0x00,0xfa,0x00,0x00,0x00,0x30,0x04,
  0x06,0x11,0x0b,0xff,0x0b,0xff,0x00,0x09,0x41,0x20,0xff,0xff,
  0xff,0xff,0x08,0x20,0x41,0x25,0xff,0xf8,0xff,0xf8,0xfd,0xaa,
  0xfb,0xff,0x0e,0x55,0x0c,0x00,0xab,0x2a,0xbf,0xbb,0x54,0xd5,
  0x40,0x44,0x48,0x06,0x5a,0x06,0xb7,0xf8,0xa5,0xf8,0x00,0x00,
  0x00,0x00,0x00,0x00,0x00,0x00,0x00,0x00,0x00,0x00,0x00,0x00,
  0x00,0x00,0x00,0x00,0x00,0x00,0x00,0x00,0x00,0x00,0x00,0x00,
  0x00,0x00,0x00,0x00,0x00,0x00,0x00,0x00,0x00,0x00,0x00,0x00,
  0x00,0x00,0x00,0x00,0x00,0x00,0x00,0x00,0x00,0x00,0x00,0x00,
  0x00,0x00,0x00,0x00,0x00,0x00,0x00,0x00,0x00,0x00,0x00,0x00,
  0x00,0x00,0x00,0x00,0x3f,0xff,0x3f,0xff,0x3f,0xff,0x05,0x28,
  0xfa,0x28,0xff,0xd7,0xff,0xd7,0x50,0x88,0x70,0x77,0xaf,0xff,
  0x8f,0xff,0xa0,0x10,0x5f,0xe8,0xff,0xfc,0xff,0xfc,0x1d,0x00,
  0x00,0x00,0xff,0xff,0x00,0x00,0x00,0x01,0x00,0x03,0xc8,0x00,
  0x00,0x00,0x84,0x20,0xca,0x9f,0x7f,0xff,0x3f,0xff,0x49,0x42,
  0xb6,0xbd,0xff,0xff,0xff,0xff,0x45,0x50,0xba,0xb0,0xff,0xec,
  0xff,0xec,0xfc,0x95,0xfc,0x2a,0x07,0xff,0x07,0xff,0x15,0x12,
  0x02,0x00,0xff,0xff,0xff,0xff,0x96,0x40,0x48,0x90,0xff,0xff,
  0xff,0xff,0x00,0x00,0x00,0x00,0x80,0x00,0x80,0x00,0x00,0x00,
  0x00,0x00,0x00,0x00,0x00,0x00,0x00,0x00,0x00,0x00,0x00,0x00,
  0x00,0x00,0x00,0x00,0x00,0x00,0x00,0x00,0x00,0x00,0x00,0x00,
  0x00,0x00,0x00,0x00,0x00,0x00,0x00,0x00,0x00,0x00,0x00,0x00,
  0x00,0x00,0x00,0x00,0x00,0x00,0x00,0x00,0x00,0x00,0x00,0x00,
  0x00,0x00,0x00,0x00,0x00,0x00,0xd9,0xfb,0xff,0xff,0xff,0xff,
  0xff,0xff,0x78,0x18,0xff,0xff,0xff,0xff,0xff,0xff,0xff,0xff,
  0xff,0xff,0xff,0xff,0xff,0xff,0xff,0xf4,0xff,0xfc,0xff,0xfd,
  0xff,0xfc,0x3a,0x00,0x00,0x00,0xff,0xff,0x00,0x00,0x00,0x07,
  0x00,0x0b,0xac,0x07,0x00,0x07,0xff,0xff,0xff,0xff,0xff,0xff,
  0xff,0xff,0xff,0xff,0xff,0xff,0xff,0xff,0xff,0xff,0xff,0xf8,
  0xff,0xf0,0xff,0xf6,0xff,0xf6,0x6a,0xff,0x7f,0xff,0x03,0xff,
  0x03,0xff,0xff,0xff,0xff,0xff,0xff,0xff,0xff,0xff,0xef,0xfa,
  0xff,0xff,0xff,0xff,0xff,0xff,0x80,0x00,0xc0,0x00,0xc0,0x00,
  0xc0,0x00,0x00,0x00,0x00,0x00,0x00,0x00,0x00,0x00,0x00,0x00,
  0x00,0x00,0x00,0x00,0x00,0x00,0x00,0x00,0x00,0x00,0x00,0x00,
  0x00,0x00,0x00,0x00,0x00,0x00,0x00,0x00,0x00,0x00,0x00,0x00,
  0x00,0x00,0x00,0x00,0x00,0x00,0x00,0x00,0x00,0x00,0x00,0x00,
  0x00,0x00,0x00,0x00,0x00,0x00,0x00,0x00,0x00,0x00,0x7f,0xff,
  0xbf,0xff,0xc0,0x00,0xc0,0x00,0xff,0x5f,0xff,0xff,0x00,0xa0,
  0x00,0x00,0xff,0xff,0xff,0xff,0x00,0x00,0x00,0x00,0xff,0xfc,
  0xff,0xfc,0x00,0x01,0x00,0x00,0x74,0x00,0x00,0x00,0xff,0xff,
  0x00,0x00,0x00,0x2f,0x00,0x1f,0x40,0x10,0x00,0x00,0xff,0x77,
  0xff,0xff,0x00,0x88,0x00,0x00,0x92,0xae,0xfb,0xff,0x6d,0x51,
  0x04,0x00,0xbf,0x78,0xff,0xe3,0x40,0x97,0x00,0x17,0x29,0xaf,
  0x3e,0x00,0x01,0xff,0x01,0xff,0xf5,0x2f,0x00,0x00,0xff,0xff,
  0xff,0xff,0xff,0x9e,0x00,0x01,0xff,0xff,0xff,0xff,0x80,0x00,
  0x00,0x00,0xc0,0x00,0xc0,0x00,0x00,0x00,0x00,0x00,0x00,0x00,
  0x00,0x00,0x00,0x00,0x00,0x00,0x00,0x00,0x00,0x00,0x00,0x00,
  0x00,0x00,0x00,0x00,0x00,0x00,0x00,0x00,0x00,0x00,0x00,0x00,
  0x00,0x00,0x00,0x00,0x00,0x00,0x00,0x00,0x00,0x00,0x00,0x00,
  0x00,0x00,0x00,0x00,0x00,0x00,0x00,0x04,0x00,0x00,0x00,0x02,
  0x00,0x02,0x7d,0x56,0xff,0xff,0x82,0xa9,0x80,0x00,0xea,0xf5,
  0xff,0xff,0x15,0x0a,0x00,0x00,0x6e,0xab,0xff,0xff,0x91,0x54,
  0x00,0x00,0x5b,0x5c,0xff,0xf8,0xa4,0xa1,0x00,0x00,0xe8,0x00,
  0x00,0x00,0xff,0xff,0x00,0x00,0x00,0x7f,0x00,0x3f,0x84,0x00,
  0x00,0x00,0x57,0xdd,0xff,0xff,0xa8,0x22,0x00,0x00,0xff,0xfd,
  0xff,0xff,0x00,0x02,0x00,0x00,0xd5,0xc9,0xff,0xf0,0x2a,0x37,
  0x00,0x17,0x3f,0xfb,0x1f,0xff,0x80,0x04,0x80,0x00,0x5f,0xff,
  0xff,0xff,0xa0,0x00,0x00,0x00,0xeb,0xeb,0xff,0xff,0x14,0x14,
  0x00,0x00,0xc0,0x00,0x80,0x00,0x58,0x00,0x58,0x00,0x00,0x00,
  0x00,0x00,0x00,0x00,0x00,0x00,0x00,0x00,0x00,0x00,0x00,0x00,
  0x00,0x00,0x00,0x00,0x00,0x00,0x00,0x00,0x00,0x00,0x00,0x00,
  0x00,0x00,0x00,0x00,0x00,0x00,0x00,0x00,0x00,0x00,0x00,0x00,
  0x00,0x00,0x00,0x00,0x00,0x00,0x00,0x00,0x00,0x00,0x00,0x00,
  0x00,0x18,0x00,0x0e,0x00,0x0e,0x76,0xfb,0xff,0xff,0x89,0x04,
  0x80,0x00,0x7e,0xbb,0xff,0xff,0x81,0x44,0x00,0x00,0xbb,0xfd,
  0xff,0xff,0x44,0x02,0x00,0x00,0xb5,0xa9,0xff,0xf8,0x4a,0x53,
  0x00,0x00,0xc0,0x00,0x00,0x00,0xff,0xff,0x00,0x00,0x00,0xff,
  0x00,0x3f,0x04,0x00,0x00,0x00,0xff,0x7f,0xff,0xff,0x00,0x80,
  0x00,0x00,0xee,0xbf,0xff,0xff,0x11,0x40,0x00,0x00,0x7f,0xe8,
  0xff,0xf0,0x80,0x17,0x00,0x17,0x15,0xbd,0x4f,0xff,0xc0,0x42,
  0xc0,0x00,0xf6,0xed,0xff,0xff,0x09,0x12,0x00,0x00,0x5d,0xfd,
  0xff,0xff,0xa2,0x02,0x00,0x00,0x08,0x00,0xd2,0x00,0xde,0x00,
  0x5e,0x00,0x00,0x00,0x00,0x00,0x00,0x00,0x00,0x00,0x00,0x00,
  0x00,0x00,0x00,0x00,0x00,0x00,0x00,0x00,0x00,0x00,0x00,0x00,
  0x00,0x00,0x00,0x00,0x00,0x00,0x00,0x00,0x00,0x00,0x00,0x00,
  0x00,0x00,0x00,0x00,0x00,0x00,0x00,0x00,0x00,0x00,0x00,0x00,
  0x00,0x00,0x00,0x10,0x00,0x20,0x00,0x3e,0x00,0x3e,0xbd,0x55,
  0x7f,0xff,0xc2,0xaa,0x80,0x00,0xab,0xd5,0xff,0xff,0x54,0x2a,
  0x00,0x00,0xde,0xaa,0xff,0xff,0x21,0x55,0x00,0x00,0xfa,0xf3,
  0xff,0xf0,0x05,0x03,0x00,0x00,0xaa,0x00,0x00,0x00,0xff,0xfe,
  0x00,0x00,0x00,0xbf,0x00,0x7f,0x8c,0x40,0x00,0x00,0xf5,0xef,
  0xff,0xff,0x0a,0x10,0x00,0x00,0x7f,0xfd,0xff,0xff,0x80,0x02,
  0x00,0x00,0xfb,0xf1,0xff,0xe0,0x04,0x17,0x00,0x17,0x2d,0xeb,
  0x2f,0xff,0xc0,0x14,0xc0,0x00,0x5b,0x7f,0xff,0xff,0xa4,0x80,
  0x00,0x00,0xee,0xab,0xff,0xff,0x11,0x54,0x00,0x00,0x44,0x80,
  0x91,0x80,0xdf,0x80,0x5f,0x80,0x00,0x00,0x00,0x00,0x00,0x00,
  0x00,0x00,0x00,0x00,0x00,0x00,0x00,0x00,0x00,0x00,0x00,0x00,
  0x00,0x00,0x00,0x00,0x00,0x00,0x00,0x00,0x00,0x00,0x00,0x00,
  0x00,0x00,0x00,0x00,0x00,0x00,0x00,0x00,0x00,0x00,0x00,0x00,
  0x00,0x00,0x00,0x00,0x00,0x00,0x00,0xfe,0x00,0xfc,0x00,0x7c,
  0x00,0x7c,0x6f,0xbe,0xff,0xff,0x90,0x41,0x80,0x00,0xff,0x77,
  0xff,0xff,0x00,0x88,0x00,0x00,0x77,0xff,0xff,0xff,0x88,0x00,
  0x00,0x00,0xab,0x53,0xff,0xf0,0x54,0xa7,0x00,0x00,0xf5,0x80,
  0x00,0x00,0xff,0xff,0x00,0x00,0x01,0xfd,0x00,0x3f,0x08,0x02,
  0x00,0x00,0xdf,0x7f,0xff,0xff,0x20,0x80,0x00,0x00,0xbd,0x7f,
  0xff,0xff,0x42,0x80,0x00,0x00,0xef,0xd7,0xff,0xe3,0x10,0x33,
  0x00,0x13,0xe5,0xfd,0xf7,0xff,0xf0,0x02,0xf0,0x00,0xfd,0xd5,
  0xff,0xff,0x02,0x2a,0x00,0x00,0x57,0xfd,0xff,0xff,0xa8,0x02,
  0x00,0x00,0x1f,0xc0,0xcf,0xc0,0xc7,0xe0,0x47,0xe0,0x00,0x00,
  0x00,0x00,0x00,0x00,0x00,0x00,0x00,0x00,0x00,0x00,0x00,0x00,
  0x00,0x00,0x00,0x00,0x00,0x00,0x00,0x00,0x00,0x00,0x00,0x00,
  0x00,0x00,0x00,0x00,0x00,0x00,0x00,0x00,0x00,0x00,0x00,0x00,
  0x00,0x00,0x00,0x00,0x00,0x00,0x00,0x00,0x00,0x00,0x00,0x6e,
  0x00,0x54,0x00,0x80,0x00,0x80,0xb5,0xd5,0x7f,0xff,0xca,0x2a,
  0x80,0x00,0xb5,0xbd,0xff,0xff,0x4a,0x42,0x00,0x00,0xbb,0x75,
  0xff,0xff,0x44,0x8a,0x00,0x00,0xff,0xf6,0xff,0xf0,0x00,0x0f,
  0x00,0x00,0xe1,0x00,0x00,0x00,0xff,0xfe,0x00,0x00,0x00,0x7f,
  0x00,0xff,0x88,0x00,0x00,0x00,0xfb,0x00,0xff,0x80,0x04,0x00,
  0x00,0x00,0x00,0x3e,0x00,0x1f,0x00,0x01,0x00,0x00,0xfd,0xe7,
  0xff,0xf3,0x02,0x10,0x00,0x10,0xe9,0xb7,0xe7,0xff,0x10,0x48,
  0x10,0x00,0x57,0x7b,0xff,0xff,0xa8,0x84,0x00,0x00,0xfa,0xab,
  0xff,0xff,0x05,0x54,0x00,0x00,0x97,0xc0,0x8f,0xc0,0x40,0x20,
  0x40,0x20,0x00,0x00,0x00,0x00,0x00,0x00,0x00,0x00,0x00,0x00,
  0x00,0x00,0x00,0x00,0x00,0x00,0x00,0x00,0x00,0x00,0x00,0x00,
  0x00,0x00,0x00,0x00,0x00,0x00,0x00,0x00,0x00,0x00,0x00,0x00,
  0x00,0x00,0x00,0x00,0x00,0x00,0x00,0x00,0x00,0x00,0x00,0x00,
  0x00,0x00,0x00,0x6a,0x00,0x7c,0x00,0x80,0x00,0x80,0x7e,0xbe,
  0xff,0xff,0x81,0x41,0x80,0x00,0xde,0xee,0xff,0xff,0x21,0x11,
  0x00,0x00,0xef,0xbe,0xff,0xff,0x10,0x41,0x00,0x00,0xaa,0xa4,
  0xff,0xf0,0x55,0x4f,0x00,0x00,0x00,0x00,0x00,0x00,0xef,0xff,
  0x00,0x00,0x03,0xff,0x00,0x7f,0x90,0x00,0x00,0x00,0xbf,0x3f,
  0xff,0x00,0x40,0x00,0x00,0x00,0xff,0x8f,0x00,0x1f,0x00,0x30,
  0x00,0x20,0xbb,0xe7,0xff,0xe3,0x44,0x10,0x00,0x10,0xe1,0xff,
  0xe7,0xff,0x10,0x00,0x10,0x00,0xfe,0xde,0xff,0xff,0x01,0x21,
  0x00,0x00,0xaf,0x7e,0xff,0xff,0x50,0x81,0x00,0x00,0x97,0xe0,
  0x8f,0xc0,0x40,0x20,0x40,0x20,0x00,0x00,0x00,0x00,0x00,0x00,
  0x00,0x00,0x00,0x00,0x00,0x00,0x00,0x00,0x00,0x00,0x00,0x00,
  0x00,0x00,0x00,0x00,0x00,0x00,0x00,0x00,0x00,0x00,0x00,0x00,
  0x00,0x00,0x00,0x00,0x00,0x00,0x00,0x00,0x00,0x00,0x00,0x00,
  0x00,0x00,0x00,0x00,0x00,0x00,0x00,0x4e,0x00,0x74,0x00,0x80,
  0x00,0x80,0xef,0xeb,0x7f,0xff,0x90,0x14,0x80,0x00,0xb7,0xbb,
  0xff,0xff,0x48,0x44,0x00,0x00,0xbf,0xeb,0xff,0xff,0x40,0x14,
  0x00,0x00,0xef,0xe0,0xff,0xf0,0x10,0x0f,0x00,0x00,0x00,0x00,
  0x00,0x00,0x40,0xff,0x00,0x00,0x01,0xb2,0x01,0x7d,0x10,0x00,
  0x00,0x00,0xef,0x08,0x10,0x00,0x00,0x00,0x00,0x00,0x00,0x9f,
  0x00,0x00,0x00,0x20,0x00,0x20,0xff,0xe1,0x00,0xe3,0x00,0x12,
  0x00,0x10,0xe5,0xf5,0xe3,0xff,0x10,0x0a,0x10,0x00,0x5d,0xf7,
  0xff,0xff,0xa2,0x08,0x00,0x00,0x7b,0xeb,0xff,0xff,0x84,0x14,
  0x00,0x00,0x97,0x80,0xcf,0xc0,0x40,0x20,0x40,0x20,0x00,0x00,
  0x00,0x00,0x00,0x00,0x00,0x00,0x00,0x00,0x00,0x00,0x00,0x00,
  0x00,0x00,0x00,0x00,0x00,0x00,0x00,0x00,0x00,0x00,0x00,0x00,
  0x00,0x00,0x00,0x00,0x00,0x00,0x00,0x00,0x00,0x00,0x00,0x00,
  0x00,0x00,0x00,0x00,0x00,0x00,0x00,0x00,0x00,0x00,0x00,0x76,
  0x00,0xec,0x00,0x80,0x00,0x80,0x75,0x3e,0xff,0xff,0x8a,0xc1,
  0x80,0x00,0xfa,0xdd,0xff,0xff,0x05,0x22,0x00,0x00,0x6a,0xfd,
  0xff,0xff,0x95,0x02,0x00,0x00,0x75,0xb0,0xff,0xe0,0x8a,0x4e,
  0x00,0x00,0x80,0x00,0x00,0x00,0x8d,0x2f,0x00,0x00,0x83,0x70,
  0x00,0xf0,0x90,0x0f,0x00,0x0f,0x00,0x3f,0x04,0x00,0xff,0x80,
  0xff,0x80,0xff,0x80,0x00,0x04,0x00,0x1f,0x00,0x1b,0x00,0xd7,
  0x01,0xe3,0xff,0x30,0xff,0x10,0xe5,0x6f,0xe3,0xff,0x10,0x90,
  0x10,0x00,0xee,0x9a,0xff,0xff,0x11,0x65,0x00,0x00,0xed,0x5e,
  0xff,0xff,0x12,0xa1,0x00,0x00,0x97,0xc0,0x8f,0xc0,0x40,0x20,
  0x40,0x20,0x00,0x00,0x00,0x00,0x00,0x00,0x00,0x00,0x00,0x00,
  0x00,0x00,0x00,0x00,0x00,0x00,0x00,0x00,0x00,0x00,0x00,0x00,
  0x00,0x00,0x00,0x00,0x00,0x00,0x00,0x00,0x00,0x00,0x00,0x00,
  0x00,0x00,0x00,0x00,0x00,0x00,0x00,0x00,0x00,0x00,0x00,0x00,
  0x00,0x00,0x00,0xee,0x00,0x54,0x00,0x80,0x00,0x80,0xbf,0xd5,
  0x7f,0xff,0xc0,0x2a,0x80,0x00,0x57,0x6e,0xff,0xff,0xa8,0x91,
  0x00,0x00,0xbf,0xab,0xff,0xff,0x40,0x54,0x00,0x00,0xab,0xf0,
  0xff,0xe0,0x54,0x05,0x00,0x00,0x0e,0x14,0x00,0x00,0x1f,0xd5,
  0x00,0x00,0x00,0xf0,0x01,0x70,0x51,0x08,0x00,0x08,0x00,0x7f,
  0x00,0x00,0x00,0x00,0x00,0x00,0xff,0xc0,0x00,0x00,0x00,0x00,
  0x00,0x00,0x00,0xe7,0x00,0xe3,0x01,0x10,0x01,0x10,0xe5,0xfe,
  0xe3,0xff,0x10,0x01,0x10,0x00,0xf5,0xf7,0xff,0xff,0x0a,0x08,
  0x00,0x00,0x77,0xeb,0xff,0xff,0x88,0x14,0x00,0x00,0x8f,0xa0,
  0x8f,0xc0,0x40,0x20,0x40,0x20,0x00,0x00,0x00,0x00,0x00,0x00,
  0x00,0x00,0x00,0x00,0x00,0x00,0x00,0x00,0x00,0x00,0x00,0x00,
  0x00,0x00,0x00,0x00,0x00,0x00,0x00,0x00,0x00,0x00,0x00,0x00,
  0x00,0x00,0x00,0x00,0x00,0x00,0x00,0x00,0x00,0x00,0x00,0x00,
  0x00,0x00,0x00,0x00,0x00,0x00,0x00,0x02,0x00,0xfc,0x00,0x80,
  0x00,0x80,0x76,0xe0,0xff,0xff,0x88,0x10,0x80,0x00,0x00,0x80,
  0xff,0xff,0x00,0x00,0x00,0x00,0x00,0x00,0xff,0xff,0x00,0x00,
  0x00,0x00,0x80,0x70,0x7f,0xb0,0x00,0x02,0x00,0x00,0x00,0x00,
  0x00,0x00,0x3f,0x02,0x00,0x00,0x03,0xf0,0x00,0xf8,0xb0,0x08,
  0x00,0x00,0x00,0x76,0x00,0x09,0x00,0x00,0x00,0x00,0x0b,0x80,
  0xf4,0x00,0x00,0x00,0x00,0x00,0x00,0xe7,0x00,0xe3,0x01,0x10,
  0x01,0x10,0xe1,0xdb,0xe3,0xff,0x10,0x24,0x10,0x00,0xbe,0xad,
  0xff,0xff,0x41,0x52,0x00,0x00,0xbd,0x7e,0xff,0xff,0x42,0x81,
  0x00,0x00,0x97,0xc0,0x8f,0xc0,0x40,0x20,0x40,0x20,0x00,0x00,
  0x00,0x00,0x00,0x00,0x00,0x00,0x00,0x00,0x00,0x00,0x00,0x00,
  0x00,0x00,0x00,0x00,0x00,0x00,0x00,0x00,0x00,0x00,0x00,0x00,
  0x00,0x00,0x00,0x00,0x00,0x00,0x00,0x00,0x00,0x00,0x00,0x00,
  0x00,0x00,0x00,0x00,0x00,0x00,0x00,0x00,0x00,0x00,0x00,0x48,
  0x00,0x74,0x00,0x80,0x00,0x80,0x7c,0xbf,0xfc,0xef,0x81,0x40,
  0x81,0x00,0xff,0x55,0xff,0x57,0x00,0xaa,0x00,0xa8,0x45,0x8a,
  0x55,0x8a,0xba,0x75,0xaa,0x75,0x58,0x78,0x58,0xb0,0xa7,0x80,
  0xa7,0x00,0x00,0x00,0x00,0x00,0x02,0xa8,0x00,0x00,0x07,0xf8,
  0x01,0x78,0x30,0x00,0x00,0x00,0x00,0x00,0x00,0x00,0x00,0x00,
  0x00,0x00,0x00,0x00,0x00,0x00,0x00,0x00,0x00,0x00,0x00,0xe3,
  0x00,0xe3,0x01,0x10,0x01,0x10,0xe3,0x6e,0xe3,0xff,0x10,0x91,
  0x10,0x00,0xf5,0x5b,0xff,0xff,0x0a,0xa4,0x00,0x00,0xd7,0xab,
  0xff,0xff,0x28,0x54,0x00,0x00,0x8f,0xc0,0x8f,0xc0,0x40,0x20,
  0x40,0x20,0x00,0x00,0x00,0x00,0x00,0x00,0x00,0x00,0x00,0x00,
  0x00,0x00,0x00,0x00,0x00,0x00,0x00,0x00,0x00,0x00,0x00,0x00,
  0x00,0x00,0x00,0x00,0x00,0x00,0x00,0x00,0x00,0x00,0x00,0x00,
  0x00,0x00,0x00,0x00,0x00,0x00,0x00,0x00,0x00,0x00,0x00,0x00,
  0x00,0x00,0x00,0x62,0x00,0xdc,0x00,0x80,0x00,0x80,0xf9,0xe1,
  0x79,0xda,0x82,0x0c,0x82,0x04,0x04,0x37,0x53,0x3f,0xe8,0xc0,
  0x00,0x00,0x8c,0xec,0xce,0xee,0x71,0x11,0x31,0x11,0x61,0xf8,
  0xeb,0xb3,0x14,0x03,0x14,0x03,0xe0,0x00,0xf8,0x00,0xf0,0x70,
  0xf0,0x00,0x03,0xf1,0x02,0xff,0x50,0x07,0x00,0x07,0xef,0x3f,
  0xff,0x80,0xff,0x80,0xff,0x80,0xff,0x9f,0x00,0x1f,0x00,0x1f,
  0x00,0x1f,0xe7,0xe1,0xfe,0xf3,0xfe,0x12,0xfe,0x10,0xa3,0xfa,
  0xe3,0xff,0x50,0x05,0x10,0x00,0xbb,0xf6,0xff,0xff,0x04,0x09,
  0x00,0x00,0xba,0xbe,0xff,0xff,0x45,0x41,0x00,0x00,0x8f,0xc0,
  0x8f,0xc0,0x40,0x20,0x40,0x20,0x00,0x00,0x00,0x00,0x00,0x00,
  0x00,0x00,0x00,0x00,0x00,0x00,0x00,0x00,0x00,0x00,0x00,0x00,
  0x00,0x00,0x00,0x00,0x00,0x00,0x00,0x00,0x00,0x00,0x00,0x00,
  0x00,0x00,0x00,0x00,0x00,0x00,0x00,0x00,0x00,0x00,0x00,0x00,
  0x00,0x00,0x00,0x00,0x00,0x00,0x00,0xe6,0x00,0x78,0x00,0x80,
  0x00,0x80,0x66,0x98,0x73,0xfa,0x91,0x05,0x80,0x04,0x52,0xaa,
  0x10,0xbf,0xad,0x40,0x00,0x00,0xa0,0x04,0xf8,0xde,0x4f,0xf1,
  0x07,0x21,0x20,0xd0,0x69,0xb3,0xd6,0x21,0x96,0x00,0x00,0x00,
  0xcd,0x00,0x7e,0x03,0x7e,0x00,0x03,0x7e,0x00,0xf1,0x20,0x00,
  0x00,0x00,0x7e,0x6a,0x81,0x95,0x00,0x80,0x00,0x80,0x5e,0x5d,
  0xa1,0x9e,0x00,0x00,0x00,0x00,0xce,0xf3,0xff,0xe3,0x01,0x10,
  0x00,0x10,0xe3,0x57,0xe3,0xff,0x10,0xa8,0x10,0x00,0x6e,0xdb,
  0xbf,0xff,0x11,0x24,0x00,0x00,0x55,0xaf,0xff,0xff,0xaa,0x50,
  0x00,0x00,0x97,0x60,0x8f,0xc0,0x40,0xa0,0x40,0x20,0x00,0x00,
  0x00,0x00,0x00,0x00,0x00,0x00,0x00,0x00,0x00,0x00,0x00,0x00,
  0x00,0x00,0x00,0x00,0x00,0x00,0x00,0x00,0x00,0x00,0x00,0x00,
  0x00,0x00,0x00,0x00,0x00,0x00,0x00,0x00,0x00,0x00,0x00,0x00,
  0x00,0x00,0x00,0x00,0x00,0x00,0x00,0x00,0x00,0x00,0x00,0x50,
  0x00,0xec,0x00,0x80,0x00,0x80,0x77,0xc8,0xf7,0xac,0x88,0x17,
  0x88,0x12,0x8a,0x3d,0x59,0x3f,0x24,0xc0,0x00,0x00,0x30,0x5c,
  0xf9,0x7e,0x4e,0xa1,0x06,0x81,0x48,0xf0,0x6a,0xb3,0x97,0x00,
  0x97,0x00,0x00,0x00,0xfe,0xc0,0x02,0x44,0x00,0x00,0x07,0xff,
  0x01,0x7f,0x60,0x00,0x00,0x00,0xf7,0x60,0xfb,0xa0,0x00,0x9f,
  0x00,0x9f,0x00,0x4d,0x00,0x98,0xff,0x93,0xff,0x03,0x13,0xa1,
  0x0f,0xf3,0xfc,0x52,0xf8,0x10,0xe3,0xfb,0xe3,0xfe,0x10,0x04,
  0x10,0x00,0xb7,0xb7,0x7f,0xff,0x08,0x48,0x00,0x00,0xfb,0x77,
  0xff,0xff,0x04,0x88,0x00,0x00,0x0f,0xc0,0x8f,0xc0,0xc0,0x20,
  0x40,0x20,0x00,0x00,0x00,0x00,0x00,0x00,0x00,0x00,0x00,0x00,
  0x00,0x00,0x00,0x00,0x00,0x00,0x00,0x00,0x00,0x00,0x00,0x00,
  0x00,0x00,0x00,0x00,0x00,0x00,0x00,0x00,0x00,0x00,0x00,0x00,
  0x00,0x00,0x00,0x00,0x00,0x00,0x00,0x00,0x00,0x00,0x00,0x00,
  0x00,0x00,0x00,0x62,0x00,0xfc,0x00,0x80,0x00,0x80,0x7f,0x83,
  0xff,0xfc,0x80,0x00,0x80,0x00,0xff,0xff,0x00,0x00,0x00,0x00,
  0x00,0x00,0xff,0xff,0x00,0x00,0x00,0x00,0x00,0x00,0xff,0xb1,
  0x00,0x72,0x00,0x00,0x00,0x00,0x40,0x11,0xf8,0xe0,0x84,0x01,
  0x04,0x00,0x05,0xbf,0x02,0xff,0x42,0x40,0x00,0x00,0xff,0x43,
  0xf3,0x83,0x00,0xbc,0x00,0xbc,0xc4,0x5f,0xe2,0x1f,0x3f,0x80,
  0x1f,0x80,0x76,0xe3,0xff,0xf3,0x81,0x10,0x00,0x10,0xa3,0xac,
  0xe3,0xfe,0x50,0x52,0x10,0x00,0xfa,0xea,0xff,0xff,0x05,0x15,
  0x00,0x00,0xad,0xbd,0xff,0xff,0x52,0x42,0x00,0x00,0x97,0xc0,
  0x8f,0xc0,0x40,0x20,0x40,0x20,0x00,0x00,0x00,0x00,0x00,0x00,
  0x00,0x00,0x00,0x00,0x00,0x00,0x00,0x00,0x00,0x00,0x00,0x00,
  0x00,0x00,0x00,0x00,0x00,0x00,0x00,0x00,0x00,0x00,0x00,0x00,
  0x00,0x00,0x00,0x00,0x00,0x00,0x00,0x00,0x00,0x00,0x00,0x00,
  0x00,0x00,0x00,0x00,0x00,0x00,0x00,0x6a,0x00,0xd4,0x00,0x80,
  0x00,0x80,0x7b,0xff,0xff,0xff,0x84,0x00,0x80,0x00,0xff,0xff,
  0xff,0xff,0x00,0x00,0x00,0x00,0xff,0xff,0xff,0xff,0x00,0x00,
  0x00,0x00,0xf7,0xf1,0xff,0xf2,0x08,0x00,0x00,0x00,0x7c,0xb8,
  0x80,0x40,0x00,0x00,0x00,0x00,0x0e,0xff,0x01,0x7f,0x80,0x00,
  0x00,0x00,0xf7,0x95,0xef,0x00,0x00,0x80,0x00,0x80,0xf5,0x3f,
  0x00,0x30,0x00,0x00,0x00,0x00,0xe7,0xe1,0x1f,0xe3,0x00,0x12,
  0x00,0x10,0xe3,0xf5,0xe3,0xff,0x10,0x0a,0x10,0x00,0x5f,0xb7,
  0xff,0xff,0xa0,0x48,0x00,0x00,0xf6,0xdf,0xff,0xff,0x09,0x20,
  0x00,0x00,0x8f,0xc0,0x8f,0xc0,0x40,0x20,0x40,0x20,0x00,0x00,
  0x00,0x00,0x00,0x00,0x00,0x00,0x00,0x00,0x00,0x00,0x00,0x00,
  0x00,0x00,0x00,0x00,0x00,0x00,0x00,0x00,0x00,0x00,0x00,0x00,
  0x00,0x00,0x00,0x00,0x00,0x00,0x00,0x00,0x00,0x00,0x00,0x00,
  0x00,0x00,0x00,0x00,0x00,0x00,0x00,0x00,0x00,0x00,0x00,0xc0,
  0x00,0x7c,0x00,0x80,0x00,0x80,0xf7,0xff,0x7f,0xff,0x88,0x00,
  0x80,0x00,0xff,0xfb,0xff,0xff,0x00,0x04,0x00,0x00,0xd5,0xff,
  0xff,0xff,0x2a,0x00,0x00,0x00,0xff,0xa0,0xff,0xf7,0x00,0x46,
  0x00,0x06,0x10,0x36,0xe0,0xc0,0x00,0x00,0x00,0x00,0x1c,0xf7,
  0x03,0xff,0x00,0x08,0x00,0x00,0xce,0x80,0xef,0x80,0x31,0x7f,
  0x10,0x7f,0x00,0x34,0x00,0x3b,0xff,0xc0,0xff,0xc0,0x05,0x63,
  0xff,0xe3,0x02,0x90,0x00,0x10,0xe1,0x5f,0xf3,0xff,0x10,0xa0,
  0x00,0x00,0xea,0xfa,0xff,0xff,0x15,0x05,0x00,0x00,0xab,0x76,
  0xff,0xff,0x54,0x89,0x00,0x00,0x8f,0xc0,0x8f,0xe0,0x40,0x20,
  0x40,0x20,0x00,0x00,0x00,0x00,0x00,0x00,0x00,0x00,0x00,0x00,
  0x00,0x00,0x00,0x00,0x00,0x00,0x00,0x00,0x00,0x00,0x00,0x00,
  0x00,0x00,0x00,0x00,0x00,0x00,0x00,0x00,0x00,0x00,0x00,0x00,
  0x00,0x00,0x00,0x00,0x00,0x00,0x00,0x00,0x00,0x00,0x00,0x00,
  0x00,0x00,0x00,0x66,0x00,0x5c,0x00,0x80,0x00,0x80,0x7f,0x5e,
  0xff,0xff,0x80,0xa1,0x80,0x00,0xf7,0xbe,0xff,0xff,0x08,0x41,
  0x00,0x00,0xfe,0xfb,0xff,0xff,0x01,0x04,0x00,0x00,0xf6,0xe0,
  0xff,0xf6,0x09,0x01,0x00,0x01,0x44,0x21,0x78,0x40,0xd8,0x00,
  0xd8,0x00,0x1b,0xfa,0x05,0x7f,0x00,0x05,0x00,0x00,0xff,0xff,
  0xff,0xff,0x00,0x00,0x00,0x00,0xff,0xf3,0xff,0xff,0x00,0x00,
  0x00,0x00,0xef,0xe1,0xff,0xe1,0x00,0x12,0x00,0x12,0x63,0xb5,
  0xe3,0xff,0x90,0x4a,0x10,0x00,0x7d,0x4d,0xff,0xff,0x82,0xb2,
  0x00,0x00,0x6d,0xbf,0xff,0xff,0x92,0x40,0x00,0x00,0x87,0xc0,
  0x8f,0xc0,0x40,0x20,0x40,0x20,0x00,0x00,0x00,0x00,0x00,0x00,
  0x00,0x00,0x00,0x00,0x00,0x00,0x00,0x00,0x00,0x00,0x00,0x00,
  0x00,0x00,0x00,0x00,0x00,0x00,0x00,0x00,0x00,0x00,0x00,0x00,
  0x00,0x00,0x00,0x00,0x00,0x00,0x00,0x00,0x00,0x00,0x00,0x00,
  0x00,0x00,0x00,0x00,0x00,0x00,0x00,0x72,0x00,0x6c,0x00,0x80,
  0x00,0x80,0xff,0xfb,0xff,0xff,0x00,0x04,0x00,0x00,0xbf,0xff,
  0xff,0xff,0x40,0x00,0x00,0x00,0xef,0xfe,0xff,0xff,0x10,0x01,
  0x00,0x00,0xff,0xc1,0xff,0xf6,0x00,0x24,0x00,0x00,0x01,0x13,
  0x50,0x80,0x60,0x00,0x20,0x00,0x3d,0xff,0x02,0xff,0x02,0x00,
  0x00,0x00,0x7e,0xef,0xff,0xff,0x81,0x10,0x00,0x00,0xfb,0xf8,
  0xff,0xff,0x04,0x00,0x00,0x00,0x9d,0xa2,0xff,0xf3,0x02,0x41,
  0x00,0x00,0xf1,0xff,0xf3,0xff,0x00,0x00,0x00,0x00,0xd7,0xf7,
  0xff,0xff,0x28,0x08,0x00,0x00,0xf7,0xd7,0xff,0xff,0x08,0x28,
  0x00,0x00,0x8f,0xc0,0xcf,0xe0,0x00,0x20,0x00,0x20,0x00,0x00,
  0x00,0x00,0x00,0x00,0x00,0x00,0x00,0x00,0x00,0x00,0x00,0x00,
  0x00,0x00,0x00,0x00,0x00,0x00,0x00,0x00,0x00,0x00,0x00,0x00,
  0x00,0x00,0x00,0x00,0x00,0x00,0x00,0x00,0x00,0x00,0x00,0x00,
  0x00,0x00,0x00,0x00,0x00,0x00,0x00,0x00,0x00,0x00,0x00,0x3c,
  0x00,0x40,0x00,0x80,0x00,0x80,0x7b,0xff,0x04,0x00,0x00,0x00,
  0x00,0x00,0xff,0x7f,0x00,0x80,0x00,0x00,0x00,0x00,0x3f,0xff,
  0x80,0x00,0x00,0x00,0x00,0x00,0xff,0xf5,0x00,0x00,0x00,0x00,
  0x00,0x00,0xc4,0x8a,0x31,0x00,0x00,0x00,0x00,0x00,0x12,0xfe,
  0x00,0x00,0x00,0x00,0x00,0x00,0xff,0xfe,0x00,0x00,0x00,0x00,
  0x00,0x00,0xff,0xff,0x00,0x00,0x00,0x00,0x00,0x00,0xff,0xe1,
  0x00,0x02,0x00,0x00,0x00,0x00,0x20,0x7f,0xd1,0x80,0x00,0x00,
  0x00,0x00,0xfb,0xbf,0x04,0x40,0x00,0x00,0x00,0x00,0xff,0xd7,
  0x00,0x28,0x00,0x00,0x00,0x00,0x8e,0x00,0x07,0xc0,0x00,0x20,
  0x00,0x20,0x00,0x00,0x00,0x00,0x00,0x00,0x00,0x00,0x00,0x00,
  0x00,0x00,0x00,0x00,0x00,0x00,0x00,0x00,0x00,0x00,0x00,0x00,
  0x00,0x00,0x00,0x00,0x00,0x00,0x00,0x00,0x00,0x00,0x00,0x00,
  0x00,0x00,0x00,0x00,0x00,0x00,0x00,0x00,0x00,0x00,0x00,0x00,
  0x00,0x00,0x00,0x80,0x00,0x00,0x00,0x7f,0x00,0x7f,0x00,0x00,
  0x00,0x00,0xff,0xff,0xff,0xff,0x00,0x00,0x00,0x00,0xff,0xff,
  0xff,0xff,0x00,0x00,0x00,0x00,0xff,0xff,0xff,0xff,0x00,0x12,
  0x00,0x1d,0xff,0xe4,0xff,0xe0,0x20,0x02,0xc1,0x80,0x00,0x28,
  0x00,0x00,0x6c,0x00,0x14,0x00,0x03,0xff,0x03,0xff,0x00,0x00,
  0x00,0x00,0xff,0xff,0xff,0xff,0x00,0x00,0x20,0x00,0xff,0xff,
  0xdf,0xff,0x00,0x00,0x00,0x00,0xff,0xff,0xff,0xff,0x00,0x00,
  0x00,0x00,0xff,0xff,0xff,0xff,0x00,0x00,0x00,0x00,0xff,0xff,
  0xff,0xff,0x00,0x00,0x00,0x00,0xff,0xff,0xff,0xff,0x01,0x20,
  0x20,0xa0,0xff,0xc0,0xff,0xc0,0x00,0x00,0x00,0x00,0x00,0x00,
  0x00,0x00,0x00,0x00,0x00,0x00,0x00,0x00,0x00,0x00,0x00,0x00,
  0x00,0x00,0x00,0x00,0x00,0x00,0x00,0x00,0x00,0x00,0x00,0x00,
  0x00,0x00,0x00,0x00,0x00,0x00,0x00,0x00,0x00,0x00,0x00,0x00,
  0x00,0x00,0x00,0x00,0x00,0x00,0x00,0x14,0x00,0xeb,0x00,0xff,
  0x00,0xff,0x12,0x42,0xed,0xbd,0xff,0xff,0xff,0xff,0x28,0xa2,
  0xd5,0x5d,0xff,0xff,0xff,0xff,0xa8,0x82,0x57,0x7d,0xff,0xff,
  0xff,0xff,0xa1,0x50,0x4e,0x99,0xff,0xee,0xff,0xe6,0x83,0x84,
  0xe0,0x00,0x70,0x08,0x50,0x00,0x68,0x95,0x18,0x2a,0x07,0xff,
  0x07,0xff,0x25,0x52,0x0a,0xa0,0xff,0xff,0xff,0xff,0xda,0x95,
  0x24,0x28,0xff,0xff,0xff,0xff,0x24,0xa0,0x42,0x5f,0xff,0xff,
  0xff,0xff,0x40,0x00,0xbf,0xff,0xff,0xff,0xff,0xff,0x0a,0x2a,
  0xf5,0xd5,0xff,0xff,0xff,0xff,0x54,0x05,0x83,0xfa,0xff,0xff,
  0xff,0xff,0x30,0x60,0xcf,0x80,0xff,0xe0,0xff,0xe0,0x00,0x00,
  0x00,0x00,0x00,0x00,0x00,0x00,0x00,0x00,0x00,0x00,0x00,0x00,
  0x00,0x00,0x00,0x00,0x00,0x00,0x00,0x00,0x00,0x00,0x00,0x00,
  0x00,0x00,0x00,0x00,0x00,0x00,0x00,0x00,0x00,0x00,0x00,0x00,
  0x00,0x00,0x00,0x00,0x00,0x00,0x00,0x00,0x00,0x00,0x00,0xd4,
  0x00,0xff,0x01,0x00,0x01,0x00,0xac,0x5a,0xff,0xff,0x00,0x00,
  0x00,0x00,0xaf,0x4d,0xff,0xff,0x00,0x00,0x00,0x00,0x57,0x56,
  0xff,0xff,0x00,0x00,0x00,0x00,0xad,0x80,0xff,0xee,0x00,0x01,
  0x00,0x01,0x41,0x84,0xa2,0x00,0xa0,0x68,0x00,0x00,0x1e,0x82,
  0x03,0xff,0x00,0x00,0x00,0x00,0xa8,0x0b,0xff,0xff,0x00,0x00,
  0x00,0x00,0x6a,0xd5,0xff,0xff,0x00,0x00,0x00,0x00,0x5a,0xb7,
  0xff,0xff,0x00,0x00,0x00,0x00,0xde,0xeb,0xff,0xff,0x00,0x00,
  0x00,0x00,0xf5,0x95,0xff,0xff,0x00,0x00,0x00,0x00,0xea,0xfc,
  0xff,0xff,0x00,0x00,0x00,0x00,0xaa,0xa0,0xff,0xe0,0x00,0x00,
  0x00,0x00,0x00,0x00,0x00,0x00,0x00,0x00,0x00,0x00,0x00,0x00,
  0x00,0x00,0x00,0x00,0x00,0x00,0x00,0x00,0x00,0x00,0x00,0x00,
  0x00,0x00,0x00,0x00,0x00,0x00,0x00,0x00,0x00,0x00,0x00,0x00,
  0x00,0x00,0x00,0x00,0x00,0x00,0x00,0x00,0x00,0x00,0x00,0x00,
  0x00,0x00,0x04,0x2a,0x00,0xff,0x03,0x00,0x03,0x00,0x2b,0x56,
  0xff,0xff,0x00,0x00,0x00,0x00,0xb5,0xb5,0xff,0xff,0x00,0x00,
  0x00,0x00,0x59,0x52,0xff,0xff,0x00,0x00,0x00,0x00,0x8a,0xc4,
  0xff,0xe8,0x00,0x00,0x00,0x00,0x01,0x0c,0xe2,0x08,0x40,0x18,
  0x00,0x00,0x3a,0x29,0x07,0xff,0x00,0x00,0x00,0x00,0x55,0xa4,
  0xff,0xff,0x00,0x00,0x00,0x00,0xab,0x4b,0xff,0xff,0x00,0x00,
  0x00,0x00,0x55,0x51,0xff,0xff,0x00,0x00,0x00,0x00,0x69,0x55,
  0xff,0xff,0x00,0x00,0x00,0x00,0x2c,0xd6,0xff,0xff,0x00,0x00,
  0x00,0x00,0x4d,0x4a,0xff,0xff,0x00,0x00,0x00,0x00,0x92,0x40,
  0xff,0xe0,0x00,0x08,0x00,0x08,0x00,0x00,0x00,0x00,0x00,0x00,
  0x00,0x00,0x00,0x00,0x00,0x00,0x00,0x00,0x00,0x00,0x00,0x00,
  0x00,0x00,0x00,0x00,0x00,0x00,0x00,0x00,0x00,0x00,0x00,0x00,
  0x00,0x00,0x00,0x00,0x00,0x00,0x00,0x00,0x00,0x00,0x00,0x00,
  0x00,0x00,0x00,0x00,0x00,0x00,0x08,0x89,0x0a,0xff,0x07,0x00,
  0x07,0x00,0xaa,0xaa,0xff,0xff,0x00,0x00,0x00,0x00,0xde,0xcb,
  0xff,0xff,0x00,0x00,0x00,0x00,0xad,0x6d,0xff,0xff,0x00,0x00,
  0x00,0x00,0x79,0x4a,0xff,0xe1,0x00,0x00,0x00,0x00,0x40,0x08,
  0x22,0x00,0x01,0xd0,0x00,0x00,0x3e,0x94,0x03,0xff,0x00,0x00,
  0x00,0x00,0xaa,0x96,0xff,0xff,0x00,0x00,0x00,0x00,0x5d,0x55,
  0xff,0xff,0x00,0x00,0x00,0x00,0x4e,0xad,0xff,0xff,0x00,0x00,
  0x00,0x00,0x75,0xd6,0xff,0xff,0x00,0x00,0x00,0x00,0xea,0xfb,
  0xff,0xff,0x00,0x00,0x00,0x00,0xea,0xe5,0xff,0xff,0x00,0x00,
  0x00,0x00,0xaa,0x40,0xff,0xe8,0x00,0x0c,0x00,0x0c,0x00,0x00,
  0x00,0x00,0x00,0x00,0x00,0x00,0x00,0x00,0x00,0x00,0x00,0x00,
  0x00,0x00,0x00,0x00,0x00,0x00,0x00,0x00,0x00,0x00,0x00,0x00,
  0x00,0x00,0x00,0x00,0x00,0x00,0x00,0x00,0x00,0x00,0x00,0x00,
  0x00,0x00,0x00,0x00,0x00,0x00,0x00,0x00,0x00,0x00,0x10,0x6c,
  0x12,0xff,0x0f,0x00,0x0f,0x00,0xa5,0x55,0xff,0xff,0x00,0x00,
  0x00,0x00,0x6a,0xad,0xff,0xff,0x00,0x00,0x00,0x00,0x55,0xb5,
  0xff,0xff,0x00,0x00,0x00,0x00,0x99,0x50,0xff,0xcf,0x00,0x00,
  0x00,0x00,0xc0,0x08,0x87,0x00,0x00,0xd0,0x00,0x00,0x78,0x4a,
  0x07,0xff,0x00,0x00,0x00,0x00,0x54,0xa3,0xff,0xff,0x00,0x00,
  0x00,0x00,0x4a,0xaa,0xff,0xff,0x00,0x00,0x00,0x00,0xd2,0xd6,
  0xff,0xff,0x00,0x00,0x00,0x00,0xdf,0x6b,0xff,0xff,0x00,0x00,
  0x00,0x00,0x56,0xad,0xff,0xff,0x00,0x00,0x00,0x00,0x55,0x5a,
  0xff,0xff,0x00,0x00,0x00,0x00,0xb5,0x61,0xff,0xe1,0x00,0x0e,
  0x00,0x0e,0x00,0x00,0x00,0x00,0x00,0x00,0x00,0x00,0x00,0x00,
  0x00,0x00,0x00,0x00,0x00,0x00,0x00,0x00,0x00,0x00,0x00,0x00,
  0x00,0x00,0x00,0x00,0x00,0x00,0x00,0x00,0x00,0x00,0x00,0x00,
  0x00,0x00,0x00,0x00,0x00,0x00,0x00,0x00,0x00,0x00,0x00,0x00,
  0x00,0x00,0x22,0x13,0x00,0xff,0x1f,0x00,0x1f,0x00,0x54,0x92,
  0xff,0xff,0x00,0x00,0x00,0x00,0xaa,0xaa,0xff,0xff,0x00,0x00,
  0x00,0x00,0xb6,0x8e,0xff,0xff,0x00,0x00,0x00,0x00,0xac,0xc0,
  0xff,0x9f,0x00,0x0e,0x00,0x02,0x21,0x00,0x84,0x00,0x40,0x20,
  0x40,0x00,0x5c,0x95,0x03,0xff,0x00,0x00,0x00,0x00,0x2a,0x55,
  0xff,0xff,0x00,0x00,0x00,0x00,0x2a,0xaa,0xff,0xff,0x00,0x00,
  0x00,0x00,0xa9,0x5a,0xff,0xff,0x00,0x00,0x00,0x00,0x95,0x55,
  0xff,0xff,0x00,0x00,0x00,0x00,0x52,0xde,0xff,0xff,0x00,0x00,
  0x00,0x00,0xbd,0x2a,0xff,0xff,0x00,0x00,0x00,0x00,0xaa,0xa0,
  0xff,0xe0,0x00,0x0f,0x00,0x0f,0x00,0x00,0x00,0x00,0x00,0x00,
  0x00,0x00,0x00,0x00,0x00,0x00,0x00,0x00,0x00,0x00,0x00,0x00,
  0x00,0x00,0x00,0x00,0x00,0x00,0x00,0x00,0x00,0x00,0x00,0x00,
  0x00,0x00,0x00,0x00,0x00,0x00,0x00,0x00,0x00,0x00,0x00,0x00,
  0x00,0x00,0x00,0x00,0x00,0x00,0x00,0x54,0x02,0xff,0x3f,0x00,
  0x3f,0x00,0xa9,0x55,0xff,0xff,0x00,0x00,0x00,0x00,0xfd,0x77,
  0xff,0xff,0x00,0x00,0x00,0x00,0x5d,0xa5,0xff,0xff,0x00,0x00,
  0x00,0x00,0x4d,0x3a,0xff,0x00,0x00,0x01,0x00,0x01,0x42,0x10,
  0x24,0x00,0xa1,0x20,0x80,0x00,0x39,0xc5,0x07,0xff,0x00,0x00,
  0x00,0x00,0xa4,0xaa,0xff,0xff,0x00,0x00,0x00,0x00,0xa9,0x55,
  0xff,0xff,0x00,0x00,0x00,0x00,0x54,0xad,0xff,0xff,0x00,0x00,
  0x00,0x00,0x6b,0xea,0xff,0xff,0x00,0x00,0x00,0x00,0xaf,0xea,
  0xff,0xff,0x00,0x00,0x00,0x00,0xaa,0xdd,0xff,0xff,0x00,0x00,
  0x00,0x00,0x55,0xe0,0xff,0xe0,0x00,0x0f,0x00,0x0f,0x00,0x00,
  0x00,0x00,0x80,0x00,0x80,0x00,0x00,0x00,0x00,0x00,0x00,0x00,
  0x00,0x00,0x00,0x00,0x00,0x00,0x00,0x00,0x00,0x00,0x00,0x00,
  0x00,0x00,0x00,0x00,0x00,0x00,0x00,0x00,0x00,0x00,0x00,0x00,
  0x00,0x00,0x00,0x00,0x00,0x00,0x00,0x00,0x00,0x00,0x81,0x64,
  0x01,0xff,0x7e,0x0b,0x7e,0x00,0xb5,0x75,0xff,0xff,0x4a,0x8a,
  0x00,0x00,0x0a,0x55,0xff,0xff,0xf5,0xaa,0x00,0x00,0x26,0xa8,
  0xff,0xff,0xd1,0x57,0x00,0x00,0x26,0x20,0x60,0x5f,0xd0,0x0e,
  0x90,0x00,0xb6,0x00,0x48,0x00,0x40,0xa0,0x00,0x00,0xeb,0x55,
  0x17,0xff,0x00,0xaa,0x00,0x00,0x75,0x6b,0xff,0xff,0x8a,0x94,
  0x00,0x00,0x55,0x55,0xff,0xff,0xaa,0xaa,0x00,0x00,0x5f,0xd2,
  0xff,0xff,0xa0,0x2d,0x00,0x00,0xab,0x56,0xff,0xff,0x54,0xa9,
  0x00,0x00,0xaa,0x2a,0xff,0xff,0x55,0xd5,0x00,0x00,0xab,0xa5,
  0xff,0xff,0x54,0x5a,0x00,0x00,0x1a,0x50,0xbf,0xe0,0xe5,0x2f,
  0x40,0x0f,0x20,0x00,0x00,0x00,0xc0,0x00,0xc0,0x00,0x00,0x00,
  0x00,0x00,0x00,0x00,0x00,0x00,0x00,0x00,0x00,0x00,0x00,0x00,
  0x00,0x00,0x00,0x00,0x00,0x00,0x00,0x00,0x00,0x00,0x00,0x00,
  0x00,0x00,0x00,0x00,0x00,0x00,0x00,0x01,0x00,0x00,0x00,0x00,
  0x00,0x00,0x00,0x00,0x02,0x00,0xff,0xff,0xfd,0xff,0x00,0x00,
  0x15,0x5d,0xff,0xff,0xff,0xff,0x40,0x08,0xb9,0xe5,0xff,0xff,
  0xff,0xff,0x00,0x15,0x40,0xa8,0xff,0xff,0xff,0xff,0x33,0x18,
  0x70,0x05,0xc0,0x03,0xc0,0x02,0x6c,0x11,0x10,0x00,0x00,0x00,
  0x00,0x00,0x10,0x04,0x7c,0x38,0x0f,0xff,0x07,0xff,0x00,0x00,
  0x8f,0xdf,0xff,0xff,0xff,0xff,0x00,0x00,0x6f,0xe9,0xff,0xff,
  0xff,0xff,0x00,0x00,0xc4,0xbc,0xff,0xff,0xff,0xff,0x08,0x00,
  0x02,0x5e,0xff,0xff,0xff,0xff,0x41,0x04,0xb6,0xeb,0xff,0xff,
  0xff,0xff,0x00,0x04,0xff,0xfb,0xff,0xff,0xff,0xff,0x80,0x08,
  0x00,0x08,0xff,0xf7,0xff,0xf7,0x50,0x00,0x00,0x00,0xe0,0x00,
  0xe0,0x00,0x00,0x00,0x00,0x00,0x00,0x00,0x00,0x00,0x00,0x00,
  0x00,0x00,0x00,0x00,0x00,0x00,0x00,0x00,0x00,0x00,0x00,0x00,
  0x00,0x00,0x00,0x00,0x00,0x00,0x00,0x00,0x00,0x00,0x00,0x00,
  0x00,0x00,0x00,0x03,0x00,0x03,0x20,0x00,0x00,0x00,0xff,0xff,
  0xff,0xff,0x1f,0xff,0x00,0x00,0xe0,0x00,0xe0,0x00,0xff,0xff,
  0x00,0x00,0x00,0x00,0x00,0x00,0xfd,0xff,0x02,0x00,0x00,0x00,
  0x00,0x00,0x80,0x15,0x17,0xfa,0x1f,0xe2,0x0f,0xc0,0x3f,0x80,
  0x40,0x00,0x00,0x00,0x00,0x00,0xbf,0xff,0x00,0x00,0x00,0x00,
  0x00,0x00,0xff,0xfe,0x00,0x01,0x00,0x00,0x00,0x00,0xff,0xff,
  0x00,0x00,0x00,0x00,0x00,0x00,0xff,0xdf,0x00,0x20,0x00,0x00,
  0x00,0x00,0xfd,0x7f,0x02,0x80,0x00,0x00,0x00,0x00,0xff,0xff,
  0x00,0x00,0x00,0x00,0x00,0x00,0xff,0xfe,0x00,0x00,0x00,0x00,
  0x00,0x00,0x80,0x00,0x80,0x05,0xff,0xff,0xff,0xff,0x00,0x00,
  0x00,0x00,0xf8,0x00,0xf8,0x00,0x00,0x00,0x00,0x00,0x00,0x00,
  0x00,0x00,0x00,0x00,0x00,0x00,0x00,0x00,0x00,0x00,0x00,0x00,
  0x00,0x00,0x00,0x00,0x00,0x00,0x00,0x00,0x00,0x00,0x00,0x00,
  0x00,0x00,0x00,0x00,0x00,0x00,0x00,0x07,0x00,0x07,0x00,0x00,
  0x00,0x00,0xff,0xff,0xff,0xff,0x40,0x00,0x00,0x00,0xdf,0xff,
  0xdf,0xff,0x00,0x00,0x00,0x00,0xff,0xff,0xff,0xff,0x00,0x00,
  0x00,0x00,0xff,0xff,0xff,0xff,0x4d,0x83,0x0f,0xdc,0x3f,0xf0,
  0x3f,0xe0,0x3e,0x40,0xc0,0x00,0x00,0x00,0x00,0x00,0x80,0x00,
  0x78,0x00,0x07,0xff,0x07,0xff,0x00,0x00,0x00,0x00,0xff,0xff,
  0xff,0xff,0x00,0x00,0x00,0x00,0xff,0xff,0xff,0xff,0x00,0x00,
  0x00,0x00,0xff,0xff,0xff,0xff,0x00,0x00,0x00,0x00,0xff,0xff,
  0xff,0xff,0x00,0x00,0x00,0x00,0xff,0xff,0xff,0xff,0x00,0x00,
  0x00,0x01,0xff,0xff,0xff,0xfe,0x40,0x28,0x40,0x00,0x7f,0xff,
  0x7f,0xff,0x00,0x00,0x00,0x00,0xfc,0x00,0xfc,0x00,0x00,0x00,
  0x00,0x00,0x00,0x00,0x00,0x00,0x00,0x00,0x00,0x00,0x00,0x00,
  0x00,0x00,0x00,0x00,0x00,0x00,0x00,0x00,0x00,0x00,0x00,0x00,
  0x00,0x00,0x00,0x00,0x00,0x00,0x00,0x01,0x00,0x08,0x00,0x0f,
  0x00,0x0f,0x00,0x00,0x00,0x00,0xff,0xff,0xff,0xff,0x40,0x00,
  0x00,0x00,0xbf,0xff,0xbf,0xff,0x00,0x00,0x00,0x00,0xff,0xff,
  0xff,0xff,0x00,0x00,0x00,0x01,0xff,0xff,0xff,0xff,0x27,0x83,
  0x47,0xbc,0x1f,0xe0,0x1f,0xc0,0x77,0x81,0x80,0x00,0x00,0x00,
  0x00,0x00,0xb8,0x00,0x78,0x00,0x07,0xff,0x07,0xff,0x00,0x00,
  0x00,0x00,0xff,0xff,0xff,0xff,0x00,0x00,0x00,0x00,0xff,0xff,
  0xff,0xff,0x00,0x00,0x00,0x00,0xff,0xff,0xff,0xff,0x00,0x00,
  0x00,0x00,0xff,0xff,0xff,0xff,0x00,0x00,0x00,0x00,0xff,0xff,
  0xff,0xff,0x00,0x00,0x00,0x00,0xff,0xff,0xff,0xff,0x70,0x00,
  0x20,0x04,0x9f,0xff,0x9f,0xff,0x44,0x00,0x02,0x00,0xfe,0x00,
  0xfe,0x00,0x00,0x00,0x00,0x00,0x00,0x00,0x00,0x00,0x00,0x00,
  0x00,0x00,0x00,0x00,0x00,0x00,0x00,0x00,0x00,0x00,0x00,0x00,
  0x00,0x00,0x00,0x00,0x00,0x00,0x00,0x00,0x00,0x00,0x00,0x04,
  0x00,0x10,0x00,0x1f,0x00,0x1f,0x40,0x02,0x00,0x01,0xff,0xff,
  0xff,0xff,0x84,0xa8,0xff,0xff,0xff,0xff,0xff,0xff,0xec,0xab,
  0xff,0xff,0xff,0xff,0xff,0xff,0x68,0x92,0xff,0xfe,0xff,0xfe,
  0xff,0xfe,0x00,0x00,0xf8,0xbe,0x1f,0xc0,0x07,0x40,0xfe,0x00,
  0x00,0x00,0x00,0x00,0x00,0x00,0x50,0x8a,0xdf,0xff,0xaf,0xff,
  0x2f,0xff,0x04,0x5d,0xff,0xff,0xff,0xff,0xff,0xff,0xad,0x46,
  0xff,0xff,0xff,0xff,0xff,0xff,0xaa,0xdd,0xff,0xff,0xff,0xff,
  0xff,0xff,0x52,0xad,0xff,0xff,0xff,0xff,0xff,0xff,0xdf,0x6e,
  0xff,0xff,0xff,0xff,0xff,0xff,0xad,0x57,0xff,0xff,0xff,0xff,
  0xff,0xff,0x60,0x04,0xf0,0x01,0xff,0xff,0xff,0xff,0x00,0x00,
  0x05,0x00,0xff,0x00,0xff,0x00,0x00,0x00,0x00,0x00,0x00,0x00,
  0x00,0x00,0x00,0x00,0x00,0x00,0x00,0x00,0x00,0x00,0x00,0x00,
  0x00,0x00,0x00,0x00,0x00,0x00,0x00,0x00,0x00,0x00,0x00,0x00,
  0x00,0x00,0x00,0x00,0x00,0x00,0x00,0x3f,0x00,0x3f,0x00,0x00,
  0x00,0x00,0xff,0xff,0xff,0xff,0xb4,0x25,0x00,0x00,0xff,0xff,
  0xff,0xff,0x00,0x48,0x00,0x00,0xff,0xff,0xff,0xff,0x04,0x48,
  0x00,0x00,0xff,0xfe,0xff,0xfe,0x80,0x03,0x7f,0xfc,0x00,0x80,
  0x00,0x00,0xf8,0x00,0x00,0x08,0x00,0x00,0x00,0x00,0x40,0x28,
  0x60,0x00,0x1f,0xff,0x1f,0xff,0xd5,0x00,0x00,0x00,0xff,0xff,
  0xff,0xff,0x20,0xa8,0x00,0x00,0xff,0xff,0xff,0xff,0x02,0x00,
  0x00,0x00,0xff,0xff,0xff,0xff,0x08,0x52,0x00,0x00,0xff,0xff,
  0xff,0xff,0x00,0x49,0x00,0x00,0xff,0xff,0xff,0xff,0x21,0x00,
  0x00,0x00,0xff,0xff,0xff,0xff,0x01,0x00,0x00,0x00,0xff,0xff,
  0xff,0xff,0xa2,0x00,0x01,0x00,0xff,0x80,0xff,0x80,0x00,0x00,
  0x00,0x00,0x00,0x00,0x00,0x00,0x00,0x00,0x00,0x00,0x00,0x00,
  0x00,0x00,0x00,0x00,0x00,0x00,0x00,0x00,0x00,0x00,0x00,0x00,
  0x00,0x00,0x00,0x00,0x00,0x00,0x00,0x7f,0x00,0x7f,0x00,0x7f,
  0x00,0x7f,0xb5,0x02,0xff,0xfc,0xff,0xff,0xff,0xff,0x00,0x00,
  0x00,0x00,0xff,0xff,0xff,0xff,0x00,0x00,0x00,0x00,0xff,0xff,
  0xff,0xff,0x00,0x00,0x00,0x00,0xff,0xfe,0xff,0xfe,0x80,0x01,
  0x7f,0xfe,0x00,0x00,0x00,0x00,0x78,0x58,0x00,0xe0,0x00,0x20,
  0x00,0x00,0x04,0x00,0xc0,0x00,0x3f,0xff,0x3f,0xff,0x00,0x04,
  0x00,0x00,0xff,0xff,0xff,0xff,0x84,0x00,0x00,0x00,0xff,0xff,
  0xff,0xff,0x08,0xa1,0x02,0x00,0xff,0xff,0xff,0xff,0x00,0x00,
  0x00,0x00,0xff,0xff,0xff,0xff,0x00,0x00,0x00,0x00,0xff,0xff,
  0xff,0xff,0x00,0x00,0x00,0x00,0xff,0xff,0xff,0xff,0x09,0xfa,
  0x17,0xff,0xff,0xff,0xff,0xff,0x3d,0xc0,0xff,0xc0,0xff,0xc0,
  0xff,0xc0,0x00,0x00,0x00,0x00,0x00,0x00,0x00,0x00,0x00,0x00,
  0x00,0x00,0x00,0x00,0x00,0x00,0x00,0x00,0x00,0x00,0x00,0x00,
  0x00,0x00,0x00,0x00,0x00,0x00,0x00,0x00,0x00,0x00,0x00,0xa9,
  0x00,0xff,0x00,0x00,0x00,0x00,0xef,0xff,0xff,0xff,0x00,0x00,
  0x00,0x00,0xff,0xff,0xff,0xff,0x00,0x00,0x00,0x00,0xff,0xff,
  0xff,0xff,0x00,0x00,0x00,0x00,0xff,0xfe,0xff,0xfc,0x00,0x00,
  0x00,0x00,0x60,0x07,0x1f,0xf8,0x00,0x00,0x00,0x00,0x4f,0xd8,
  0x00,0x00,0x00,0x00,0x00,0x00,0x9f,0xff,0x7f,0xff,0x00,0x00,
  0x00,0x00,0xff,0xff,0xff,0xff,0x00,0x00,0x00,0x00,0xff,0xff,
  0xff,0xff,0x00,0x00,0x00,0x00,0xff,0xff,0xff,0xff,0x00,0x00,
  0x00,0x00,0xff,0xff,0xff,0xff,0x00,0x00,0x00,0x00,0xff,0xff,
  0xff,0xff,0x00,0x00,0x00,0x00,0xff,0xff,0xff,0xff,0x00,0x00,
  0x00,0x00,0xff,0xff,0xff,0xff,0x00,0x00,0x00,0x00,0xff,0xc0,
  0xff,0xe0,0x00,0x20,0x00,0x00,0x00,0x00,0x00,0x00,0x00,0x00,
  0x00,0x00,0x00,0x00,0x00,0x00,0x00,0x00,0x00,0x00,0x00,0x00,
  0x00,0x00,0x00,0x00,0x00,0x00,0x00,0x00,0x00,0x00,0x00,0x00,
  0x00,0x00,0x00,0x1d,0x00,0xff,0x00,0x00,0x00,0x00,0x29,0x55,
  0xff,0xff,0x00,0x00,0x00,0x00,0xaf,0xf5,0xff,0xff,0x00,0x00,
  0x00,0x00,0x5b,0xef,0xff,0xff,0x00,0x00,0x00,0x00,0xd5,0x59,
  0xff,0xfc,0x00,0x00,0x00,0x00,0x0b,0x1e,0x00,0xe0,0x00,0x00,
  0x00,0x00,0x1c,0xd0,0x00,0x00,0x00,0x00,0x00,0x00,0xfb,0x6f,
  0x7f,0xff,0x00,0x00,0x00,0x00,0x5b,0xff,0xff,0xff,0x00,0x00,
  0x00,0x00,0xff,0xbe,0xff,0xff,0x00,0x00,0x00,0x00,0xff,0xeb,
  0xff,0xff,0x00,0x00,0x00,0x00,0xff,0xff,0xff,0xff,0x00,0x00,
  0x00,0x00,0xff,0xd7,0xff,0xff,0x00,0x00,0x00,0x00,0xbf,0xff,
  0xff,0xff,0x00,0x00,0x00,0x00,0xbf,0xeb,0xff,0xff,0x00,0x00,
  0x00,0x00,0xff,0xe0,0xff,0xe0,0x00,0x00,0x00,0x00,0x00,0x00,
  0x00,0x00,0x00,0x00,0x00,0x00,0x00,0x00,0x00,0x00,0x00,0x00,
  0x00,0x00,0x00,0x00,0x00,0x00,0x00,0x00,0x00,0x00,0x00,0x00,
  0x00,0x00,0x00,0x00,0x00,0x00,0x00,0x82,0x00,0xff,0x00,0x00,
  0x00,0x00,0xd5,0x5a,0xff,0xff,0x00,0x00,0x00,0x00,0x57,0x4d,
  0xff,0xff,0x00,0x00,0x00,0x00,0xc5,0x58,0xff,0xff,0x00,0x00,
  0x00,0x00,0xab,0xb1,0xff,0xfc,0x00,0x00,0x00,0x00,0x08,0x00,
  0xe0,0x00,0x60,0x00,0x00,0x00,0x18,0x40,0x60,0x80,0x00,0x00,
  0x00,0x00,0xc5,0xaa,0x7f,0xff,0x00,0x00,0x00,0x00,0xaa,0xd5,
  0xff,0xff,0x00,0x00,0x00,0x00,0xb5,0x52,0xff,0xff,0x00,0x00,
  0x00,0x00,0xab,0x54,0xff,0xff,0x00,0x00,0x00,0x00,0xcb,0xdf,
  0xff,0xff,0x00,0x00,0x00,0x00,0xdd,0xfd,0xff,0xff,0x00,0x00,
  0x00,0x00,0xed,0xf6,0xff,0xff,0x00,0x00,0x00,0x00,0xde,0x75,
  0xff,0xff,0x00,0x00,0x00,0x00,0x5d,0x60,0xff,0xe0,0x00,0x00,
  0x00,0x00,0x00,0x00,0x00,0x00,0x00,0x00,0x00,0x00,0x00,0x00,
  0x00,0x00,0x00,0x00,0x00,0x00,0x00,0x00,0x00,0x00,0x00,0x00,
  0x00,0x00,0x00,0x00,0x00,0x00,0x00,0x00,0x00,0x00,0x00,0x00,
  0x00,0x00,0x00,0x00,0x00,0x00,0x00,0x00,0x00,0x00,0x00,0x00,
  0x00,0x00,0x00,0x00,0x00,0x00,0x00,0x00,0x00,0x00,0x00,0x00,
  0x00,0x00,0x00,0x00,0x00,0x00,0x00,0x01,0x00,0x00,0x00,0x00,
  0x00,0x00,0xc0,0x01,0x78,0xbe,0x07,0xe0,0x07,0x40,0xf0,0x00,
  0x00,0x00,0x00,0x00,0x00,0x00,0x00,0x00,0x00,0x00,0x00,0x00,
  0x00,0x00,0x00,0x00,0x00,0x00,0x00,0x00,0x00,0x00,0x00,0x00,
  0x00,0x00,0x00,0x00,0x00,0x00,0x00,0x00,0x00,0x00,0x00,0x00,
  0x00,0x00,0x00,0x00,0x00,0x00,0x00,0x00,0x00,0x00,0x00,0x00,
  0x00,0x00,0x00,0x00,0x00,0x00,0x00,0x00,0x00,0x00,0x00,0x00,
  0x00,0x00,0x00,0x00,0x00,0x00,0x00,0x00,0x00,0x00,0x00,0x00,
  0x00,0x00,0x00,0x00,0x00,0x00,0x00,0x00,0x00,0x00,0x00,0x00,
  0x00,0x00,0x00,0x00,0x00,0x00,0x00,0x00,0x00,0x00,0x00,0x00,
  0x00,0x00,0x00,0x00,0x00,0x00,0x00,0x00,0x00,0x00,0x00,0x00,
  0x00,0x00,0x00,0xff,0x00,0xff,0x00,0x00,0x00,0x00,0xfd,0x7d,
  0xff,0xff,0x02,0x82,0x00,0x00,0xda,0xbb,0xff,0xff,0x25,0x44,
  0x00,0x00,0x6f,0x6f,0xff,0xff,0x90,0x90,0x00,0x00,0x5f,0xfc,
  0xff,0xfc,0xa0,0x00,0x00,0x00,0x80,0x17,0x7f,0xe8,0x00,0xc0,
  0x00,0x00,0xa0,0x01,0x00,0x00,0x00,0x00,0x00,0x00,0xff,0x5f,
  0xff,0xff,0x00,0xa0,0x00,0x00,0xf7,0xff,0xff,0xff,0x08,0x00,
  0x00,0x00,0xbe,0xdb,0xbf,0xff,0x41,0x24,0x40,0x00,0xf5,0xf3,
  0xff,0xf7,0x0a,0x0c,0x00,0x08,0x56,0xd5,0xff,0xff,0xa9,0x2a,
  0x00,0x00,0x55,0x77,0xff,0xff,0xaa,0x88,0x00,0x00,0xd5,0x6a,
  0xff,0xff,0x2a,0x95,0x00,0x00,0xaa,0xba,0xff,0xff,0x55,0x45,
  0x00,0x00,0xad,0xe0,0xff,0xe0,0x52,0x00,0x00,0x00,0x00,0x00,
  0x00,0x00,0x00,0x00,0x00,0x00,0x00,0x00,0x00,0x00,0x00,0x00,
  0x00,0x00,0x00,0x00,0x00,0x00,0x00,0x00,0x00,0x00,0x00,0x00,
  0x00,0x00,0x00,0x00,0x00,0x00,0x00,0xff,0x00,0xff,0x00,0x00,
  0x00,0x00,0xff,0xff,0xff,0xff,0x00,0x00,0x00,0x00,0xff,0xff,
  0xff,0xff,0x00,0x00,0x00,0x00,0xff,0xff,0xff,0xff,0x00,0x00,
  0x00,0x00,0xff,0xf4,0xff,0xfe,0x00,0x00,0x00,0x00,0x10,0x1e,
  0x0f,0xe0,0x00,0xc0,0x00,0x00,0x80,0x04,0x00,0x01,0x00,0x00,
  0x00,0x00,0xff,0xff,0xff,0xff,0x00,0x00,0x00,0x00,0xff,0xff,
  0xff,0xff,0x00,0x00,0x00,0x00,0xff,0xff,0xff,0xff,0x00,0x00,
  0x00,0x00,0xff,0xff,0xff,0xff,0x00,0x00,0x00,0x00,0xff,0xff,
  0xff,0xff,0x00,0x00,0x00,0x00,0xff,0xff,0xff,0xff,0x00,0x00,
  0x00,0x00,0xff,0xff,0xff,0xff,0x00,0x00,0x00,0x00,0xff,0xff,
  0xff,0xff,0x00,0x00,0x00,0x00,0xff,0xe0,0xff,0xe0,0x00,0x00,
  0x00,0x00,0x00,0x00,0x00,0x00,0x00,0x00,0x00,0x00,0x00,0x00,
  0x00,0x00,0x00,0x00,0x00,0x00,0x00,0x00,0x00,0x00,0x00,0x00,
  0x00,0x00,0x00,0x00,0x00,0x00,0x00,0x00,0x00,0x00,0x00,0xdf,
  0x00,0xff,0x00,0x00,0x00,0x00,0xff,0xff,0xff,0xff,0x00,0x00,
  0x00,0x00,0xff,0xfd,0xff,0xff,0x00,0x00,0x00,0x00,0xff,0xff,
  0xff,0xff,0x00,0x00,0x00,0x00,0xff,0xfe,0xff,0xff,0x00,0x00,
  0x00,0x00,0x00,0x00,0x00,0x00,0x00,0x00,0x00,0x00,0x00,0x01,
  0x00,0x0b,0x00,0x00,0x00,0x00,0xff,0xfe,0x7f,0xff,0x00,0x00,
  0x00,0x00,0xff,0xb6,0xff,0xff,0x00,0x00,0x00,0x00,0xbf,0xff,
  0xff,0xff,0x00,0x00,0x00,0x00,0xff,0xff,0xff,0xff,0x00,0x00,
  0x00,0x00,0xff,0xff,0xff,0xff,0x00,0x00,0x00,0x00,0xff,0xff,
  0xff,0xff,0x00,0x00,0x00,0x00,0xff,0xff,0xff,0xff,0x00,0x00,
  0x00,0x00,0xff,0xff,0xff,0xff,0x00,0x00,0x00,0x00,0xfe,0xe0,
  0xff,0xe0,0x00,0x00,0x00,0x00,0x00,0x00,0x00,0x00,0x00,0x00,
  0x00,0x00,0x00,0x00,0x00,0x00,0x00,0x00,0x00,0x00,0x00,0x00,
  0x00,0x00,0x00,0x00,0x00,0x00,0x00,0x00,0x00,0x00,0x00,0x00,
  0x00,0x00,0x00,0x6d,0x00,0x00,0x00,0x00,0x00,0x00,0x55,0x55,
  0x00,0x00,0x00,0x00,0x00,0x00,0x55,0x55,0x00,0x00,0x00,0x00,
  0x00,0x00,0x55,0x55,0x00,0x00,0x00,0x00,0x00,0x00,0x55,0x55,
  0x00,0x00,0x00,0x00,0x00,0x00,0x00,0x00,0x00,0x00,0x00,0x00,
  0x00,0x00,0x00,0x12,0x00,0x00,0x00,0x00,0x00,0x00,0x55,0x55,
  0x00,0x00,0x00,0x00,0x00,0x00,0x5a,0xaa,0x00,0x00,0x00,0x00,
  0x00,0x00,0xa5,0x55,0x00,0x00,0x00,0x00,0x00,0x00,0x55,0x55,
  0x00,0x00,0x00,0x00,0x00,0x00,0x55,0x55,0x00,0x00,0x00,0x00,
  0x00,0x00,0x55,0x55,0x00,0x00,0x00,0x00,0x00,0x00,0x55,0x55,
  0x00,0x00,0x00,0x00,0x00,0x00,0x55,0x55,0x00,0x00,0x00,0x00,
  0x00,0x00,0x5a,0x80,0x00,0x00,0x00,0x00,0x00,0x00,0x00,0x00,
  0x00,0x00,0x00,0x00,0x00,0x00,0x00,0x00,0x00,0x00,0x00,0x00,
  0x00,0x00,0x00,0x00,0x00,0x00,0x00,0x00,0x00,0x00,0x00,0x00,
  0x00,0x00,0x00,0x00,0x00,0x00,0x00,0x02,0x00,0x00,0x00,0x00,
  0x00,0x00,0xfe,0xee,0x00,0x00,0x00,0x00,0x00,0x00,0xff,0xff,
  0x00,0x00,0x00,0x00,0x00,0x00,0xfb,0xbf,0x00,0x00,0x00,0x00,
  0x00,0x00,0xfe,0x95,0x00,0x00,0x00,0x00,0x00,0x00,0x40,0x00,
  0x00,0x00,0x00,0x00,0x00,0x00,0x00,0x4d,0x00,0x00,0x00,0x00,
  0x00,0x00,0xbf,0xef,0x00,0x00,0x00,0x00,0x00,0x00,0xef,0xfb,
  0x00,0x00,0x00,0x00,0x00,0x00,0x5a,0xae,0x00,0x00,0x00,0x00,
  0x00,0x00,0xff,0xfe,0x00,0x00,0x00,0x00,0x00,0x00,0xff,0xff,
  0x00,0x00,0x00,0x00,0x00,0x00,0xfe,0xfd,0x00,0x00,0x00,0x00,
  0x00,0x00,0xdf,0xbf,0x00,0x00,0x00,0x00,0x00,0x00,0xfb,0xee,
  0x00,0x00,0x00,0x00,0x00,0x00,0xe0,0x00,0x00,0x00,0x00,0x00,
  0x00,0x00,0x00,0x00,0x00,0x00,0x00,0x00,0x00,0x00,0x00,0x00,
  0x00,0x00,0x00,0x00,0x00,0x00,0x00,0x00,0x00,0x00,0x00,0x00,
  0x00,0x00,0x00,0x00,0x00,0x00,0x00,0x00,0x00,0x00,0x00,0x01,
  0x00,0x00,0x00,0x00,0x00,0x00,0xff,0xff,0x00,0x00,0x00,0x00,
  0x00,0x00,0xff,0xff,0x00,0x00,0x00,0x00,0x00,0x00,0xff,0xff,
  0x00,0x00,0x00,0x00,0x00,0x00,0xff,0xfa,0x00,0x00,0x00,0x00,
  0x00,0x00,0xa0,0x00,0x00,0x00,0x00,0x00,0x00,0x00,0x00,0xbf,
  0x00,0x00,0x00,0x00,0x00,0x00,0xff,0xff,0x00,0x00,0x00,0x00,
  0x00,0x00,0xff,0xff,0x00,0x00,0x00,0x00,0x00,0x00,0xff,0xff,
  0x00,0x00,0x00,0x00,0x00,0x00,0xff,0xff,0x00,0x00,0x00,0x00,
  0x00,0x00,0xff,0xff,0x00,0x00,0x00,0x00,0x00,0x00,0xff,0xff,
  0x00,0x00,0x00,0x00,0x00,0x00,0xff,0xff,0x00,0x00,0x00,0x00,
  0x00,0x00,0xff,0xff,0x00,0x00,0x00,0x00,0x00,0x00,0xf0,0x00,
  0x00,0x00,0x00,0x00,0x00,0x00,0x00,0x00,0x00,0x00,0x00,0x00,
  0x00,0x00,0x00,0x00,0x00,0x00,0x00,0x00,0x00,0x00,0x00,0x00,
  0x00,0x00,0x00,0x00,0x00,0x00,0x00,0x00,0x00,0x00,0x00,0x00,
  0x00,0x00,0x00,0x00,0x00,0x00,0x00,0x00,0x00,0x00,0x00,0x00,
  0x00,0x00,0x00,0x00,0x00,0x00,0x00,0x00,0x00,0x00,0x00,0x00,
  0x00,0x00,0x00,0x00,0x00,0x00,0x00,0x00,0x00,0x00,0x00,0x00,
  0x00,0x00,0x00,0x00,0x00,0x00,0x00,0x00,0x00,0x00,0x00,0x00,
  0x00,0x00,0x00,0x00,0x00,0x00,0x00,0x00,0x00,0x00,0x00,0x00,
  0x00,0x00,0x00,0x00,0x00,0x00,0x00,0x00,0x00,0x00,0x00,0x00,
  0x00,0x00,0x00,0x00,0x00,0x00,0x00,0x00,0x00,0x00,0x00,0x00,
  0x00,0x00,0x00,0x00,0x00,0x00,0x00,0x00,0x00,0x00,0x00,0x00,
  0x00,0x00,0x00,0x00,0x00,0x00,0x00,0x00,0x00,0x00,0x00,0x00,
  0x00,0x00,0x00,0x00,0x00,0x00,0x00,0x00,0x00,0x00,0x00,0x00,
  0x00,0x00,0x00,0x00,0x00,0x00,0x00,0x00,0x00,0x00,0x00,0x00,
  0x00,0x00,0x00,0x00,0x00,0x00,0x00,0x00,0x00,0x00,0x00,0x00,
  0x00,0x00,0x00,0x00,0x00,0x00,0x00,0x00,0x00,0x00,0x00,0x00,
  0x00,0x00,0x00,0x00,0x00,0x00,0x00,0x00,0x00,0x00,0x00,0x00,
  0x00,0x00,0x00,0x00,0x00,0x00,0x00,0x00,0x00,0x00,0x00,0x00,
  0x00,0x00,0x00,0x00,0x00,0x00,0x00,0x00,0x00,0x00,0x00,0x00,
  0x00,0x00,0x00,0x00,0x00,0x00,0x00,0x00,0x00,0x00,0x00,0x00,
  0x00,0x00,0x00,0x00,0x00,0x00,0x00,0x00,0x00,0x00,0x00,0x00,
  0x00,0x00,0x00,0x00,0x00,0x00,0x00,0x00,0x00,0x00,0x00,0x00,
  0x00,0x00,0x00,0x00,0x00,0x00,0x00,0x00,0x00,0x00,0x00,0x00,
  0x00,0x00,0x00,0x00,0x00,0x00,0x00,0x00,0x00,0x00,0x00,0x00,
  0x00,0x00,0x00,0x00,0x00,0x00,0x00,0x00,0x00,0x00,0x00,0x00,
  0x00,0x00,0x00,0x00,0x00,0x00,0x00,0x00,0x00,0x00,0x00,0x00,
  0x00,0x00,0x00,0x00,0x00,0x00,0x00,0x00,0x00,0x00,0x00,0x00,
  0x00,0x00,0x00,0x00,0x00,0x00,0x00,0x00,0x00,0x00,0x00,0x00,
  0x00,0x00,0x00,0x00,0x00,0x00,0x00,0x00,0x00,0x00,0x00,0x00,
  0x00,0x00,0x00,0x00,0x00,0x00,0x00,0x00,0x00,0x00,0x00,0x00,
  0x00,0x00,0x00,0x00,0x00,0x00,0x00,0x00,0x00,0x00,0x00,0x00,
  0x00,0x00,0x00,0x00,0x00,0x00,0x00,0x00,0x00,0x00,0x00,0x00,
  0x00,0x00,0x00,0x00,0x00,0x00,0x00,0x00,0x00,0x00,0x00,0x00,
  0x00,0x00,0x00,0x00,0x00,0x00,0x00,0x00,0x00,0x00,0x00,0x00,
  0x00,0x00,0x00,0x00,0x00,0x00,0x00,0x00,0x00,0x00,0x00,0x00,
  0x00,0x00,0x00,0x00,0x00,0x00,0x00,0x00,0x00,0x00,0x00,0x00,
  0x00,0x00,0x00,0x00,0x00,0x00,0x00,0x00,0x00,0x00,0x00,0x00,
  0x00,0x00,0x00,0x00,0x00,0x00,0x00,0x00,0x00,0x00,0x00,0x00,
  0x00,0x00,0x00,0x00,0x00,0x00,0x00,0x00,0x00,0x00,0x00,0x00,
  0x00,0x00,0x00,0x00,0x00,0x00,0x00,0x00,0x00,0x00,0x00,0x00,
  0x00,0x00,0x00,0x00,0x00,0x00,0x00,0x00,0x00,0x00,0x00,0x00,
  0x00,0x00,0x00,0x00,0x00,0x00,0x00,0x00,0x00,0x00,0x00,0x00,
  0x00,0x00,0x00,0x00,0x00,0x00,0x00,0x00,0x00,0x00,0x00,0x00,
  0x00,0x00,0x00,0x00,0x00,0x00,0x00,0x00,0x00,0x00,0x00,0x00,
  0x00,0x00,0x00,0x00,0x00,0x00,0x00,0x00,0x00,0x00,0x00,0x00,
  0x00,0x00,0x00,0x00,0x00,0x00,0x00,0x00,0x00,0x00,0x00,0x00,
  0x00,0x00,0x00,0x00,0x00,0x00,0x00,0x00,0x00,0x00,0x00,0x00,
  0x00,0x00,0x00,0x00,0x00,0x00,0x00,0x00,0x00,0x00,0x00,0x00,
  0x00,0x00,0x00,0x00,0x00,0x00,0x00,0x00,0x00,0x00,0x00,0x00,
  0x00,0x00,0x00,0x00,0x00,0x00,0x00,0x00,0x00,0x00,0x00,0x00,
  0x00,0x00,0x00,0x00,0x00,0x00,0x00,0x00,0x00,0x00,0x00,0x00,
  0x00,0x00,0x00,0x00,0x00,0x00,0x00,0x00,0x00,0x00,0x00,0x00,
  0x00,0x00,0x00,0x00,0x00,0x00,0x00,0x00,0x00,0x00,0x00,0x00,
  0x00,0x00,0x00,0x00,0x00,0x00,0x00,0x00,0x00,0x00,0x00,0x00,
  0x00,0x00,0x00,0x00,0x00,0x00,0x00,0x00,0x00,0x00,0x00,0x00,
  0x00,0x00,0x00,0x00,0x00,0x00,0x00,0x00,0x00,0x00,0x00,0x00,
  0x00,0x00,0x00,0x00,0x00,0x00,0x00,0x00,0x00,0x00,0x00,0x00,
  0x00,0x00,0x00,0x00,0x00,0x00,0x00,0x00,0x00,0x00,0x00,0x00,
  0x00,0x00,0x00,0x00,0x00,0x00,0x00,0x00,0x00,0x00,0x00,0x00,
  0x00,0x00,0x00,0x00,0x00,0x00,0x00,0x00,0x00,0x00,0x00,0x00,
  0x00,0x00,0x00,0x00,0x00,0x00,0x00,0x00,0x00,0x00,0x00,0x00,
  0x00,0x00,0x00,0x00,0x00,0x00,0x00,0x00,0x00,0x00,0x00,0x00,
  0x00,0x00,0x00,0x00,0x00,0x00,0x00,0x00,0x00,0x00,0x00,0x00,
  0x00,0x00,0x00,0x00,0x00,0x00,0x00,0x00,0x00,0x00,0x00,0x00,
  0x00,0x00,0x00,0x00,0x00,0x00,0x00,0x00,0x00,0x00,0x00,0x00,
  0x00,0x00,0x00,0x00,0x00,0x00,0x00,0x00,0x00,0x00,0x00,0x00,
  0x00,0x00,0x00,0x00,0x00,0x00,0x00,0x00,0x00,0x00,0x00,0x00,
  0x00,0x00,0x00,0x00,0x00,0x00,0x00,0x00,0x00,0x00,0x00,0x00,
  0x00,0x00,0x00,0x00,0x00,0x00,0x00,0x00,0x00,0x00,0x00,0x00,
  0x00,0x00,0x00,0x00,0x00,0x00,0x00,0x00,0x00,0x00,0x00,0x00,
  0x00,0x00,0x00,0x00,0x00,0x00,0x00,0x00,0x00,0x00,0x00,0x00,
  0x00,0x00,0x00,0x00,0x00,0x00,0x00,0x00,0x00,0x00,0x00,0x00,
  0x00,0x00,0x00,0x00,0x00,0x00,0x00,0x00,0x00,0x00,0x00,0x00,
  0x00,0x00,0x00,0x00,0x00,0x00,0x00,0x00,0x00,0x00,0x00,0x00,
  0x00,0x00,0x00,0x00,0x00,0x00,0x00,0x00,0x00,0x00,0x00,0x00,
  0x00,0x00,0x00,0x00,0x00,0x00,0x00,0x00,0x00,0x00,0x00,0x00,
  0x00,0x00,0x00,0x00,0x00,0x00,0x00,0x00,0x00,0x00,0x00,0x00,
  0x00,0x00,0x00,0x00,0x00,0x00,0x00,0x00,0x00,0x00,0x00,0x00,
  0x00,0x00,0x00,0x00,0x00,0x00,0x00,0x00,0x00,0x00,0x00,0x00,
  0x00,0x00,0x00,0x00,0x00,0x00,0x00,0x00,0x00,0x00,0x00,0x00,
  0x00,0x00,0x00,0x00,0x00,0x00,0x00,0x00,0x00,0x00,0x00,0x00,
  0x00,0x00,0x00,0x00,0x00,0x00,0x00,0x00,0x00,0x00,0x00,0x00,
  0x00,0x00,0x00,0x00,0x00,0x00,0x00,0x00,0x00,0x00,0x00,0x00,
  0x00,0x00,0x00,0x00,0x00,0x00,0x00,0x00,0x00,0x00,0x00,0x00,
  0x00,0x00,0x00,0x00,0x00,0x00,0x00,0x00,0x00,0x00,0x00,0x00,
  0x00,0x00,0x00,0x00,0x00,0x00,0x00,0x00,0x00,0x00,0x00,0x00,
  0x00,0x00,0x00,0x00,0x00,0x00,0x00,0x00,0x00,0x00,0x00,0x00,
  0x00,0x00,0x00,0x00,0x00,0x00,0x00,0x00,0x00,0x00,0x00,0x00,
  0x00,0x00,0x00,0x00,0x00,0x00,0x00,0x00,0x00,0x00,0x00,0x00,
  0x00,0x00,0x00,0x00,0x00,0x00,0x00,0x00,0x00,0x00,0x00,0x00,
  0x00,0x00,0x00,0x00,0x00,0x00,0x00,0x00,0x00,0x00,0x00,0x00,
  0x00,0x00,0x00,0x00,0x00,0x00,0x00,0x00,0x00,0x00,0x00,0x00,
  0x00,0x00,0x00,0x00,0x00,0x00,0x00,0x00,0x00,0x00,0x00,0x00,
  0x00,0x00,0x00,0x00,0x00,0x00,0x00,0x00,0x00,0x00,0x00,0x00,
  0x00,0x00,0x00,0x00,0x00,0x00,0x00,0x00,0x00,0x00,0x00,0x00,
  0x00,0x00,0x00,0x00,0x00,0x00,0x00,0x00,0x00,0x00,0x00,0x00,
  0x00,0x00,0x00,0x00,0x00,0x00,0x00,0x00,0x00,0x00,0x00,0x00,
  0x00,0x00,0x00,0x00,0x00,0x00,0x00,0x00,0x00,0x00,0x00,0x00,
  0x00,0x00,0x00,0x00,0x00,0x00,0x00,0x00,0x00,0x00,0x00,0x00,
  0x00,0x00,0x00,0x00,0x00,0x00,0x00,0x00,0x00,0x00,0x00,0x00,
  0x00,0x00,0x00,0x00,0x00,0x00,0x00,0x00,0x00,0x00,0x00,0x00,
  0x00,0x00,0x00,0x00,0x00,0x00,0x00,0x00,0x00,0x00,0x00,0x00,
  0x00,0x00,0x00,0x00,0x00,0x00,0x00,0x00,0x00,0x00,0x00,0x00,
  0x00,0x00,0x00,0x00,0x00,0x00,0x00,0x00,0x00,0x00,0x00,0x00,
  0x00,0x00,0x00,0x00,0x00,0x00,0x00,0x00,0x00,0x00,0x00,0x00,
  0x00,0x00,0x00,0x00,0x00,0x00,0x00,0x00,0x00,0x00,0x00,0x00,
  0x00,0x00,0x00,0x00,0x00,0x00,0x00,0x00,0x00,0x00,0x00,0x00,
  0x00,0x00,0x00,0x00,0x00,0x00,0x00,0x00,0x00,0x00,0x00,0x00,
  0x00,0x00,0x00,0x00,0x00,0x00,0x00,0x00,0x00,0x00,0x00,0x00,
  0x00,0x00,0x00,0x00,0x00,0x00,0x00,0x00,0x00,0x00,0x00,0x00,
  0x00,0x00,0x00,0x00,0x00,0x00,0x00,0x00,0x00,0x00,0x00,0x00,
  0x00,0x00,0x00,0x00,0x00,0x00,0x00,0x00,0x00,0x00,0x00,0x00,
  0x00,0x00,0x00,0x00,0x00,0x00,0x00,0x00,0x00,0x00,0x00,0x00,
  0x00,0x00,0x00,0x00,0x00,0x00,0x00,0x00,0x00,0x00,0x00,0x00,
  0x00,0x00,0x00,0x00,0x00,0x00,0x00,0x00,0x00,0x00,0x00,0x00,
  0x00,0x00,0x00,0x00,0x00,0x00,0x00,0x00,0x00,0x00,0x00,0x00,
  0x00,0x00,0x00,0x00,0x00,0x00,0x00,0x00,0x00,0x00,0x00,0x00,
  0x00,0x00,0x00,0x00,0x00,0x00,0x00,0x00,0x00,0x00,0x00,0x00,
  0x00,0x00,0x00,0x00,0x00,0x00,0x00,0x00,0x00,0x00,0x00,0x00,
  0x00,0x00,0x00,0x00,0x00,0x00,0x00,0x00,0x00,0x00,0x00,0x00,
  0x00,0x00,0x00,0x00,0x00,0x00,0x00,0x00,0x00,0x00,0x00,0x00,
  0x00,0x00,0x00,0x00,0x00,0x00,0x00,0x00,0x00,0x00,0x00,0x00,
  0x00,0x00,0x00,0x00,0x00,0x00,0x00,0x00,0x00,0x00,0x00,0x00,
  0x00,0x00,0x00,0x00,0x00,0x00,0x00,0x00,0x00,0x00,0x00,0x00,
  0x00,0x00,0x00,0x00,0x00,0x00,0x00,0x00,0x00,0x00,0x00,0x00,
  0x00,0x00,0x00,0x00,0x00,0x00,0x00,0x00,0x00,0x00,0x00,0x00,
  0x00,0x00,0x00,0x00,0x00,0x00,0x00,0x00,0x00,0x00,0x00,0x00,
  0x00,0x00,0x00,0x00,0x00,0x00,0x00,0x00,0x00,0x00,0x00,0x00,
  0x00,0x00,0x00,0x00,0x00,0x00,0x00,0x00,0x00,0x00,0x00,0x00,
  0x00,0x00,0x00,0x00,0x00,0x00,0x00,0x00,0x00,0x00,0x00,0x00,
  0x00,0x00,0x00,0x00,0x00,0x00,0x00,0x00,0x00,0x00,0x00,0x00,
  0x00,0x00,0x00,0x00,0x00,0x00,0x00,0x00,0x00,0x00,0x00,0x00,
  0x00,0x00,0x00,0x00,0x00,0x00,0x00,0x00,0x00,0x00,0x00,0x00,
  0x00,0x00,0x00,0x00,0x00,0x00,0x00,0x00,0x00,0x00,0x00,0x00,
  0x00,0x00,0x00,0x00,0x00,0x00,0x00,0x00,0x00,0x00,0x00,0x00,
  0x00,0x00,0x00,0x00,0x00,0x00,0x00,0x00,0x00,0x00,0x00,0x00,
  0x00,0x00,0x00,0x00,0x00,0x00,0x00,0x00,0x00,0x00,0x00,0x00,
  0x00,0x00,0x00,0x00,0x00,0x00,0x00,0x00,0x00,0x00,0x00,0x00,
  0x00,0x00,0x00,0x00,0x00,0x00,0x00,0x00,0x00,0x00,0x00,0x00,
  0x00,0x00,0x00,0x00,0x00,0x00,0x00,0x00,0x00,0x00,0x00,0x00,
  0x00,0x00,0x00,0x00,0x00,0x00,0x00,0x00,0x00,0x00,0x00,0x00,
  0x00,0x00,0x00,0x00,0x00,0x00,0x00,0x00,0x00,0x00,0x00,0x00,
  0x00,0x00,0x00,0x00,0x00,0x00,0x00,0x00,0x00,0x00,0x00,0x00,
  0x00,0x00,0x00,0x00,0x00,0x00,0x00,0x00,0x00,0x00,0x00,0x00,
  0x00,0x00,0x00,0x00,0x00,0x00,0x00,0x00,0x00,0x00,0x00,0x00,
  0x00,0x00,0x00,0x00,0x00,0x00,0x00,0x00,0x00,0x00,0x00,0x00,
  0x00,0x00,0x00,0x00,0x00,0x00,0x00,0x00,0x00,0x00,0x00,0x00,
  0x00,0x00,0x00,0x00,0x00,0x00,0x00,0x00,0x00,0x00,0x00,0x00,
  0x00,0x00,0x00,0x00,0x00,0x00,0x00,0x00,0x00,0x00,0x00,0x00,
  0x00,0x00,0x00,0x00,0x00,0x00,0x00,0x00,0x00,0x00,0x00,0x00,
  0x00,0x00,0x00,0x00,0x00,0x00,0x00,0x00,0x00,0x00,0x00,0x00,
  0x00,0x00,0x00,0x00,0x00,0x00,0x00,0x00,0x00,0x00,0x00,0x00,
  0x00,0x00,0x00,0x00,0x00,0x00,0x00,0x00,0x00,0x00,0x00,0x00,
  0x00,0x00,0x00,0x00,0x00,0x00,0x00,0x00,0x00,0x00,0x00,0x00,
  0x00,0x00,0x00,0x00,0x00,0x00,0x00,0x00,0x00,0x00,0x00,0x00,
  0x00,0x00,0x00,0x00,0x00,0x00,0x00,0x00,0x00,0x00,0x00,0x00,
  0x00,0x00,0x00,0x00,0x00,0x00,0x00,0x00,0x00,0x00,0x00,0x00,
  0x00,0x00,0x00,0x00,0x00,0x00,0x00,0x00,0x00,0x00,0x00,0x00,
  0x00,0x00,0x00,0x00,0x00,0x00,0x00,0x00,0x00,0x00,0x00,0x00,
  0x00,0x00,0x00,0x00,0x00,0x00,0x00,0x00,0x00,0x00,0x00,0x00,
  0x00,0x00,0x00,0x00,0x00,0x00,0x00,0x00,0x00,0x00,0x00,0x00,
  0x00,0x00,0x00,0x00,0x00,0x00,0x00,0x00,0x00,0x00,0x00,0x00,
  0x00,0x00,0x00,0x00,0x00,0x00,0x00,0x00,0x00,0x00,0x00,0x00,
  0x00,0x00,0x00,0x00,0x00,0x00,0x00,0x00,0x00,0x00,0x00,0x00,
  0x00,0x00,0x00,0x00,0x00,0x00,0x00,0x00,0x00,0x00,0x00,0x00,
  0x00,0x00,0x00,0x00,0x00,0x00,0x00,0x00,0x00,0x00,0x00,0x00,
  0x00,0x00,0x00,0x00,0x00,0x00,0x00,0x00,0x00,0x00,0x00,0x00,
  0x00,0x00,0x00,0x00,0x00,0x00,0x00,0x00,0x00,0x00,0x00,0x00,
  0x00,0x00,0x00,0x00,0x00,0x00,0x00,0x00,0x00,0x00,0x00,0x00,
  0x00,0x00,0x00,0x00,0x00,0x00,0x00,0x00,0x00,0x00,0x00,0x00,
  0x00,0x00,0x00,0x00,0x00,0x00,0x00,0x00,0x00,0x00,0x00,0x00,
  0x00,0x00,0x00,0x00,0x00,0x00,0x00,0x00,0x00,0x00,0x00,0x00,
  0x00,0x00,0x00,0x00,0x00,0x00,0x00,0x00,0x00,0x00,0x00,0x00,
  0x00,0x00,0x00,0x00,0x00,0x00,0x00,0x00,0x00,0x00,0x00,0x00,
  0x00,0x00,0x00,0x00,0x00,0x00,0x00,0x00,0x00,0x00,0x00,0x00,
  0x00,0x00,0x00,0x00,0x00,0x00,0x00,0x00,0x00,0x00,0x00,0x00,
  0x00,0x00,0x00,0x00,0x00,0x00,0x00,0x00,0x00,0x00,0x00,0x00,
  0x00,0x00,0x00,0x00,0x00,0x00,0x00,0x00,0x00,0x00,0x00,0x00,
  0x00,0x00,0x00,0x00,0x00,0x00,0x00,0x00,0x00,0x00,0x00,0x00,
  0x00,0x00,0x00,0x00,0x00,0x00,0x00,0x00,0x00,0x00,0x00,0x00,
  0x00,0x00,0x00,0x00,0x00,0x00,0x00,0x00,0x00,0x00,0x00,0x00,
  0x00,0x00,0x00,0x00,0x00,0x00,0x00,0x00,0x00,0x00,0x00,0x00,
  0x00,0x00,0x00,0x00,0x00,0x00,0x00,0x00,0x00,0x00,0x00,0x00,
  0x00,0x00,0x00,0x00,0x00,0x00,0x00,0x00,0x00,0x00,0x00,0x00,
  0x00,0x00,0x00,0x00,0x00,0x00,0x00,0x00,0x00,0x00,0x00,0x00,
  0x00,0x00,0x00,0x00,0x00,0x00,0x00,0x00,0x00,0x00,0x00,0x00,
  0x00,0x00,0x00,0x00,0x00,0x00,0x00,0x00,0x00,0x00,0x00,0x00,
  0x00,0x00,0x00,0x00,0x00,0x00,0x00,0x00,0x00,0x00,0x00,0x00,
  0x00,0x00,0x00,0x00,0x00,0x00,0x00,0x00,0x00,0x00,0x00,0x00,
  0x00,0x00,0x00,0x00,0x00,0x00,0x00,0x00,0x00,0x00,0x00,0x00,
  0x00,0x00,0x00,0x00,0x00,0x00,0x00,0x00,0x00,0x00,0x00,0x00,
  0x00,0x00,0x00,0x00,0x00,0x00,0x00,0x00,0x00,0x00,0x00,0x00,
  0x00,0x00,0x00,0x00,0x00,0x00,0x00,0x00,0x00,0x00,0x00,0x00,
  0x00,0x00,0x00,0x00,0x00,0x00,0x00,0x00,0x00,0x00,0x00,0x00,
  0x00,0x00,0x00,0x00,0x00,0x00,0x00,0x00,0x00,0x00,0x00,0x00,
  0x00,0x00,0x00,0x00,0x00,0x00,0x00,0x00,0x00,0x00,0x00,0x00,
  0x00,0x00,0x00,0x00,0x00,0x00,0x00,0x00,0x00,0x00,0x00,0x00,
  0x00,0x00,0x00,0x00,0x00,0x00,0x00,0x00,0x00,0x00,0x00,0x00,
  0x00,0x00,0x00,0x00,0x00,0x00,0x00,0x00,0x00,0x00,0x00,0x00,
  0x00,0x00,0x00,0x00,0x00,0x00,0x00,0x00,0x00,0x00,0x00,0x00,
  0x00,0x00,0x00,0x00,0x00,0x00,0x00,0x00,0x00,0x00,0x00,0x00,
  0x00,0x00,0x00,0x00,0x00,0x00,0x00,0x00,0x00,0x00,0x00,0x00,
  0x00,0x00,0x00,0x00,0x00,0x00,0x00,0x00,0x00,0x00,0x00,0x00,
  0x00,0x00,0x00,0x00,0x00,0x00,0x00,0x00,0x00,0x00,0x00,0x00,
  0x00,0x00,0x00,0x00,0x00,0x00,0x00,0x00,0x00,0x00,0x00,0x00,
  0x00,0x00,0x00,0x00,0x00,0x00,0x00,0x00,0x00,0x00,0x00,0x00,
  0x00,0x00,0x00,0x00,0x00,0x00,0x00,0x00,0x00,0x00,0x00,0x00,
  0x00,0x00,0x00,0x00,0x00,0x00,0x00,0x00,0x00,0x00,0x00,0x00,
  0x00,0x00,0x00,0x00,0x00,0x00,0x00,0x00,0x00,0x00,0x00,0x00,
  0x00,0x00,0x00,0x00,0x00,0x00,0x00,0x00,0x00,0x00,0x00,0x00,
  0x00,0x00,0x00,0x00,0x00,0x00,0x00,0x00,0x00,0x00,0x00,0x00,
  0x00,0x00,0x00,0x00,0x00,0x00,0x00,0x00,0x00,0x00,0x00,0x00,
  0x00,0x00,0x00,0x00,0x00,0x00,0x00,0x00,0x00,0x00,0x00,0x00,
  0x00,0x00,0x00,0x00,0x00,0x00,0x00,0x00,0x00,0x00,0x00,0x00,
  0x00,0x00,0x00,0x00,0x00,0x00,0x00,0x00,0x00,0x00,0x00,0x00,
  0x00,0x00,0x00,0x00,0x00,0x00,0x00,0x00,0x00,0x00,0x00,0x00,
  0x00,0x00,0x00,0x00,0x00,0x00,0x00,0x00,0x00,0x00,0x00,0x00,
  0x00,0x00,0x00,0x00,0x00,0x00,0x00,0x00,0x00,0x00,0x00,0x00,
  0x00,0x00,0x00,0x00,0x00,0x00,0x00,0x00,0x00,0x00,0x00,0x00,
  0x00,0x00,0x03,0xc0,0x03,0xc0,0x03,0xc0,0x03,0xc0,0x00,0x00,
  0x00,0x00,0x00,0x00,0x00,0x00,0x00,0x00,0x00,0x00,0x00,0x00,
  0x00,0x00,0x00,0x00,0x00,0x00,0x00,0x00,0x00,0x00,0x00,0x03,
  0x00,0x03,0x00,0x03,0x00,0x03,0xc7,0xe0,0xc7,0xe0,0xc7,0xe0,
  0xc7,0xe0,0x00,0x00,0x00,0x00,0x00,0x00,0x00,0x00,0x01,0x80,
  0x01,0x80,0x01,0x80,0x01,0x80,0x00,0x00,0x00,0x00,0x00,0x00,
  0x00,0x00,0x00,0x00,0x00,0x00,0x00,0x00,0x00,0x00,0x00,0x00,
  0x00,0x00,0x00,0x00,0x00,0x00,0x00,0x00,0x00,0x00,0x00,0x00,
  0x00,0x00,0x00,0x00,0x00,0x00,0x00,0x00,0x00,0x00,0x00,0x00,
  0x00,0x00,0x00,0x00,0x00,0x00,0x00,0x00,0x00,0x00,0x00,0x00,
  0x00,0x00,0x00,0x00,0x00,0x00,0x00,0x00,0x00,0x00,0x00,0x00,
  0x00,0x00,0x00,0x00,0x00,0x00,0x00,0x00,0x00,0x00,0x00,0x00,
  0x00,0x00,0x00,0x00,0x00,0x00,0x00,0x00,0x00,0x00,0x00,0x00,
  0x00,0x00,0x00,0x00,0x00,0x00,0x06,0x60,0x06,0x60,0x06,0x60,
  0x06,0x60,0x00,0x00,0x00,0x00,0x00,0x00,0x00,0x00,0x00,0x00,
  0x00,0x00,0x00,0x00,0x00,0x00,0x00,0x01,0x00,0x01,0x00,0x01,
  0x00,0x01,0x80,0x06,0x80,0x06,0x80,0x06,0x80,0x06,0x61,0x80,
  0x61,0x80,0x61,0x80,0x61,0x80,0x00,0x00,0x00,0x00,0x00,0x00,
  0x00,0x00,0x01,0x80,0x01,0x80,0x01,0x80,0x01,0x80,0x00,0x00,
  0x00,0x00,0x00,0x00,0x00,0x00,0x00,0x00,0x00,0x00,0x00,0x00,
  0x00,0x00,0x00,0x00,0x00,0x00,0x00,0x00,0x00,0x00,0x00,0x00,
  0x00,0x00,0x00,0x00,0x00,0x00,0x00,0x00,0x00,0x00,0x00,0x00,
  0x00,0x00,0x00,0x00,0x00,0x00,0x00,0x00,0x00,0x00,0x00,0x00,
  0x00,0x00,0x00,0x00,0x00,0x00,0x00,0x00,0x00,0x00,0x00,0x00,
  0x00,0x00,0x00,0x00,0x00,0x00,0x00,0x00,0x00,0x00,0x00,0x00,
  0x00,0x00,0x00,0x00,0x00,0x00,0x00,0x00,0x00,0x00,0x00,0x00,
  0x00,0x00,0x00,0x00,0x00,0x00,0x00,0x00,0x00,0x00,0x06,0x03,
  0x06,0x03,0x06,0x03,0x06,0x03,0xce,0xc3,0xce,0xc3,0xce,0xc3,
  0xce,0xc3,0xc0,0x03,0xc0,0x03,0xc0,0x03,0xc0,0x03,0xe3,0xc7,
  0xe3,0xc7,0xe3,0xc7,0xe3,0xc7,0xe0,0x06,0xe0,0x06,0xe0,0x06,
  0xe0,0x06,0x01,0x83,0x01,0x83,0x01,0x83,0x01,0x83,0xce,0xc3,
  0xce,0xc3,0xce,0xc3,0xce,0xc3,0xc1,0x80,0xc1,0x80,0xc1,0x80,
  0xc1,0x80,0x00,0x00,0x00,0x00,0x00,0x00,0x00,0x00,0x00,0x00,
  0x00,0x00,0x00,0x00,0x00,0x00,0x00,0x00,0x00,0x00,0x00,0x00,
  0x00,0x00,0x00,0x00,0x00,0x00,0x00,0x00,0x00,0x00,0x00,0x00,
  0x00,0x00,0x00,0x00,0x00,0x00,0x00,0x00,0x00,0x00,0x00,0x00,
  0x00,0x00,0x00,0x00,0x00,0x00,0x00,0x00,0x00,0x00,0x00,0x00,
  0x00,0x00,0x00,0x00,0x00,0x00,0x00,0x00,0x00,0x00,0x00,0x00,
  0x00,0x00,0x00,0x00,0x00,0x00,0x00,0x00,0x00,0x00,0x00,0x00,
  0x00,0x00,0x00,0x00,0x00,0x00,0x00,0x00,0x00,0x00,0x00,0x00,
  0x00,0x00,0x06,0x06,0x06,0x06,0x06,0x06,0x06,0x06,0x6f,0xe6,
  0x6f,0xe6,0x6f,0xe6,0x6f,0xe6,0x60,0x06,0x60,0x06,0x60,0x06,
  0x60,0x06,0x66,0x61,0x66,0x61,0x66,0x61,0x66,0x61,0x80,0x03,
  0x80,0x03,0x80,0x03,0x80,0x03,0xc1,0x86,0xc1,0x86,0xc1,0x86,
  0xc1,0x86,0x6f,0xe6,0x6f,0xe6,0x6f,0xe6,0x6f,0xe6,0x61,0x80,
  0x61,0x80,0x61,0x80,0x61,0x80,0x00,0x00,0x00,0x00,0x00,0x00,
  0x00,0x00,0x00,0x00,0x00,0x00,0x00,0x00,0x00,0x00,0x00,0x00,
  0x00,0x00,0x00,0x00,0x00,0x00,0x00,0x00,0x00,0x00,0x00,0x00,
  0x00,0x00,0x00,0x00,0x00,0x00,0x00,0x00,0x00,0x00,0x00,0x00,
  0x00,0x00,0x00,0x00,0x00,0x00,0x00,0x00,0x00,0x00,0x00,0x00,
  0x00,0x00,0x00,0x00,0x00,0x00,0x00,0x00,0x00,0x00,0x00,0x00,
  0x00,0x00,0x00,0x00,0x00,0x00,0x00,0x00,0x00,0x00,0x00,0x00,
  0x00,0x00,0x00,0x00,0x00,0x00,0x00,0x00,0x00,0x00,0x00,0x00,
  0x00,0x00,0x00,0x00,0x00,0x00,0x06,0x06,0x06,0x06,0x06,0x06,
  0x06,0x06,0x6d,0x67,0x6d,0x67,0x6d,0x67,0x6d,0x67,0xe0,0x06,
  0xe0,0x06,0xe0,0x06,0xe0,0x06,0x67,0xe1,0x67,0xe1,0x67,0xe1,
  0x67,0xe1,0x80,0x00,0x80,0x00,0x80,0x00,0x80,0x00,0x61,0x86,
  0x61,0x86,0x61,0x86,0x61,0x86,0x6d,0x67,0x6d,0x67,0x6d,0x67,
  0x6d,0x67,0xe1,0x80,0xe1,0x80,0xe1,0x80,0xe1,0x80,0x00,0x00,
  0x00,0x00,0x00,0x00,0x00,0x00,0x00,0x00,0x00,0x00,0x00,0x00,
  0x00,0x00,0x00,0x00,0x00,0x00,0x00,0x00,0x00,0x00,0x00,0x00,
  0x00,0x00,0x00,0x00,0x00,0x00,0x00,0x00,0x00,0x00,0x00,0x00,
  0x00,0x00,0x00,0x00,0x00,0x00,0x00,0x00,0x00,0x00,0x00,0x00,
  0x00,0x00,0x00,0x00,0x00,0x00,0x00,0x00,0x00,0x00,0x00,0x00,
  0x00,0x00,0x00,0x00,0x00,0x00,0x00,0x00,0x00,0x00,0x00,0x00,
  0x00,0x00,0x00,0x00,0x00,0x00,0x00,0x00,0x00,0x00,0x00,0x00,
  0x00,0x00,0x00,0x00,0x00,0x00,0x00,0x00,0x00,0x00,0x06,0x66,
  0x06,0x66,0x06,0x66,0x06,0x66,0x6c,0x66,0x6c,0x66,0x6c,0x66,
  0x6c,0x66,0x00,0x03,0x00,0x03,0x00,0x03,0x00,0x03,0xe6,0x01,
  0xe6,0x01,0xe6,0x01,0xe6,0x01,0x80,0x06,0x80,0x06,0x80,0x06,
  0x80,0x06,0x61,0x86,0x61,0x86,0x61,0x86,0x61,0x86,0x6c,0x66,
  0x6c,0x66,0x6c,0x66,0x6c,0x66,0x00,0x00,0x00,0x00,0x00,0x00,
  0x00,0x00,0x00,0x00,0x00,0x00,0x00,0x00,0x00,0x00,0x00,0x00,
  0x00,0x00,0x00,0x00,0x00,0x00,0x00,0x00,0x00,0x00,0x00,0x00,
  0x00,0x00,0x00,0x00,0x00,0x00,0x00,0x00,0x00,0x00,0x00,0x00,
  0x00,0x00,0x00,0x00,0x00,0x00,0x00,0x00,0x00,0x00,0x00,0x00,
  0x00,0x00,0x00,0x00,0x00,0x00,0x00,0x00,0x00,0x00,0x00,0x00,
  0x00,0x00,0x00,0x00,0x00,0x00,0x00,0x00,0x00,0x00,0x00,0x00,
  0x00,0x00,0x00,0x00,0x00,0x00,0x00,0x00,0x00,0x00,0x00,0x00,
  0x00,0x00,0x00,0x00,0x00,0x00,0x00,0x00,0x00,0x00,0x00,0x00,
  0x00,0x00,0x03,0xc3,0x03,0xc3,0x03,0xc3,0x03,0xc3,0xcc,0x63,
  0xcc,0x63,0xcc,0x63,0xcc,0x63,0xc0,0x00,0xc0,0x00,0xc0,0x00,
  0xc0,0x00,0x63,0xc0,0x63,0xc0,0x63,0xc0,0x63,0xc0,0xe0,0x03,
  0xe0,0x03,0xe0,0x03,0xe0,0x03,0xc1,0x83,0xc1,0x83,0xc1,0x83,
  0xc1,0x83,0xcc,0x63,0xcc,0x63,0xcc,0x63,0xcc,0x63,0xc1,0x80,
  0xc1,0x80,0xc1,0x80,0xc1,0x80,0x00,0x00,0x00,0x00,0x00,0x00,
  0x00,0x00,0x00,0x00,0x00,0x00,0x00,0x00,0x00,0x00,0x00,0x00,
  0x00,0x00,0x00,0x00,0x00,0x00,0x00,0x00,0x00,0x00,0x00,0x00,
  0x00,0x00,0x00,0x00,0x00,0x00,0x00,0x00,0x00,0x00,0x00,0x00,
  0x00,0x00,0x00,0x00,0x00,0x00,0x00,0x00,0x00,0x00,0x00,0x00,
  0x00,0x00,0x00,0x00,0x00,0x00,0x00,0x00,0x00,0x00,0x00,0x00,
  0x00,0x00,0x00,0x00,0x00,0x00,0x00,0x00,0x00,0x00,0x00,0x00,
  0x00,0x00,0x00,0x00,0x00,0x00,0x00,0x00,0x00,0x00,0x00,0x00,
  0x00,0x00,0x00,0x00,0x00,0x00,0x00,0x00,0x00,0x00,0x00,0x00,
  0x00,0x00,0x00,0x00,0x00,0x00,0x00,0x00,0x00,0x00,0x00,0x07,
  0x00,0x07,0x00,0x07,0x00,0x07,0xc0,0x00,0xc0,0x00,0xc0,0x00,
  0xc0,0x00,0x00,0x00,0x00,0x00,0x00,0x00,0x00,0x00,0x00,0x00,
  0x00,0x00,0x00,0x00,0x00,0x00,0x00,0x00,0x00,0x00,0x00,0x00,
  0x00,0x00,0x00,0x00,0x00,0x00,0x00,0x00,0x00,0x00,0x00,0x00,
  0x00,0x00,0x00,0x00,0x00,0x00,0x00,0x00,0x00,0x00,0x00,0x00,
  0x00,0x00,0x00,0x00,0x00,0x00,0x00,0x00,0x00,0x00,0x00,0x00,
  0x00,0x00,0x00,0x00,0x00,0x00,0x00,0x00,0x00,0x00,0x00,0x00,
  0x00,0x00,0x00,0x00,0x00,0x00,0x00,0x00,0x00,0x00,0x00,0x00,
  0x00,0x00,0x00,0x00,0x00,0x00,0x00,0x00,0x00,0x00,0x00,0x00,
  0x00,0x00,0x00,0x00,0x00,0x00,0x00,0x00,0x00,0x00,0x00,0x00,
  0x00,0x00,0x00,0x00,0x00,0x00,0x00,0x00,0x00,0x00,0x00,0x00,
  0x00,0x00,0x00,0x00,0x00,0x00,0x00,0x00,0x00,0x00,0x00,0x00,
  0x00,0x00,0x00,0x00,0x00,0x00,0x00,0x00,0x00,0x00,0x00,0x00,
  0x00,0x00,0x00,0x00,0x00,0x00,0x00,0x00,0x00,0x00,0x00,0x00,
  0x00,0x00,0x00,0x00,0x00,0x00,0x00,0x00,0x00,0x00,0x00,0x00,
  0x00,0x00,0x00,0x00,0x00,0x00,0x00,0x00,0x00,0x00,0x00,0x00,
  0x00,0x00,0x00,0x00,0x00,0x00,0x00,0x00,0x00,0x00,0x00,0x00,
  0x00,0x00,0x00,0x00,0x00,0x00,0x00,0x00,0x00,0x00,0x00,0x00,
  0x00,0x00,0x00,0x00,0x00,0x00,0x00,0x00,0x00,0x00,0x00,0x00,
  0x00,0x00,0x00,0x00,0x00,0x00,0x00,0x00,0x00,0x00,0x00,0x00,
  0x00,0x00,0x00,0x00,0x00,0x00,0x00,0x00,0x00,0x00,0x00,0x00,
  0x00,0x00,0x00,0x00,0x00,0x00,0x00,0x00,0x00,0x00,0x00,0x00,
  0x00,0x00,0x00,0x00,0x00,0x00,0x00,0x00,0x00,0x00,0x00,0x00,
  0x00,0x00,0x00,0x00,0x00,0x00,0x00,0x00,0x00,0x00,0x00,0x00,
  0x00,0x00,0x00,0x00,0x00,0x00,0x00,0x00,0x00,0x00,0x00,0x00,
  0x00,0x00,0x00,0x00,0x00,0x00,0x00,0x00,0x00,0x00,0x00,0x00,
  0x00,0x00,0x00,0x00,0x00,0x00,0x00,0x00,0x00,0x00,0x00,0x00,
  0x00,0x00,0x00,0x00,0x00,0x00,0x00,0x00,0x00,0x00,0x00,0x00,
  0x00,0x00,0x00,0x00,0x00,0x00,0x00,0x00,0x00,0x00,0x00,0x00,
  0x00,0x00,0x00,0x00,0x00,0x00,0x00,0x00,0x00,0x00,0x00,0x00,
  0x00,0x00,0x00,0x00,0x00,0x00,0x00,0x00,0x00,0x00,0x00,0x00,
  0x00,0x00,0x00,0x00,0x00,0x00,0x00,0x00,0x00,0x00,0x00,0x00,
  0x00,0x00,0x00,0x00,0x00,0x00,0x00,0x00,0x00,0x00,0x00,0x00,
  0x00,0x00,0x00,0x00,0x00,0x00,0x00,0x00,0x00,0x00,0x00,0x00,
  0x00,0x00,0x00,0x00,0x00,0x00,0x00,0x00,0x00,0x00,0x00,0x00,
  0x00,0x00,0x00,0x00,0x00,0x00,0x00,0x00,0x00,0x00,0x00,0x00,
  0x00,0x00,0x00,0x00,0x00,0x00,0x00,0x00,0x00,0x00,0x00,0x00,
  0x00,0x00,0x00,0x00,0x00,0x00,0x00,0x00,0x00,0x00,0x00,0x00,
  0x00,0x00,0x00,0x00,0x00,0x00,0x00,0x00,0x00,0x00,0x00,0x00,
  0x00,0x00,0x00,0x00,0x00,0x00,0x00,0x00,0x00,0x00,0x00,0x00,
  0x00,0x00,0x00,0x00,0x00,0x00,0x00,0x00,0x00,0x00,0x00,0x00,
  0x00,0x00,0x00,0x00,0x00,0x00,0x00,0x00,0x00,0x00,0x00,0x00,
  0x00,0x00,0x00,0x00,0x00,0x00,0x00,0x00,0x00,0x00,0x00,0x00,
  0x00,0x00,0x00,0x00,0x00,0x00,0x00,0x00,0x00,0x00,0x00,0x00,
  0x00,0x00,0x00,0x00,0x00,0x00,0x00,0x00,0x00,0x00,0x00,0x00,
  0x00,0x00,0x00,0x00,0x00,0x00,0x00,0x00,0x00,0x00,0x00,0x00,
  0x00,0x00,0x00,0x00,0x00,0x00,0x00,0x00,0x00,0x00,0x00,0x00,
  0x00,0x00,0x00,0x00,0x00,0x00,0x00,0x00,0x00,0x00,0x00,0x00,
  0x00,0x00,0x00,0x00,0x00,0x00,0x00,0x00,0x00,0x00,0x00,0x00,
  0x00,0x00,0x00,0x00,0x00,0x00,0x00,0x00,0x00,0x00,0x00,0x00,
  0x00,0x00,0x00,0x00,0x00,0x00,0x00,0x00,0x00,0x00,0x00,0x00,
  0x00,0x00,0x00,0x00,0x00,0x00,0x00,0x00,0x00,0x00,0x00,0x00,
  0x00,0x00,0x00,0x00,0x00,0x00,0x00,0x00,0x00,0x00,0x00,0x00,
  0x00,0x00,0x00,0x00,0x00,0x00,0x00,0x00,0x00,0x00,0x00,0x00,
  0x00,0x00,0x00,0x00,0x00,0x00,0x00,0x00,0x00,0x00,0x00,0x00,
  0x00,0x00,0x00,0x00,0x00,0x00,0x00,0x00,0x00,0x00,0x00,0x00,
  0x00,0x00,0x00,0x00,0x00,0x00,0x00,0x00,0x00,0x00,0x00,0x00,
  0x00,0x00,0x00,0x00,0x00,0x00,0x00,0x00,0x00,0x00,0x00,0x00,
  0x00,0x00,0x00,0x00,0x00,0x00,0x00,0x00,0x00,0x00,0x00,0x00,
  0x00,0x00,0x00,0x00,0x00,0x00,0x00,0x00,0x00,0x00,0x00,0x00,
  0x00,0x00,0x00,0x00,0x00,0x00,0x00,0x00,0x00,0x00,0x00,0x00,
  0x00,0x00,0x00,0x00,0x00,0x00,0x00,0x00,0x00,0x00,0x00,0x00,
  0x00,0x00,0x00,0x00,0x00,0x00,0x00,0x00,0x00,0x00,0x00,0x00,
  0x00,0x00,0x00,0x00,0x00,0x00,0x00,0x00,0x00,0x00,0x00,0x00,
  0x00,0x00,0x00,0x00,0x00,0x00,0x00,0x00,0x00,0x00,0x00,0x00,
  0x00,0x00,0x00,0x00,0x00,0x00,0x00,0x00,0x00,0x00,0x00,0x00,
  0x00,0x00,0x00,0x00,0x00,0x00,0x00,0x00,0x00,0x00,0x00,0x00,
  0x00,0x00,0x00,0x00,0x00,0x00,0x00,0x00,0x00,0x00,0x00,0x00,
  0x00,0x00,0x00,0x00,0x00,0x00,0x00,0x00,0x00,0x00,0x00,0x00,
  0x00,0x00,0x00,0x00,0x00,0x00,0x00,0x00,0x00,0x00,0x00,0x00,
  0x00,0x00,0x00,0x00,0x00,0x00,0x00,0x00,0x00,0x00,0x00,0x00,
  0x00,0x00,0x00,0x00,0x00,0x00,0x00,0x00,0x00,0x00,0x00,0x00,
  0x00,0x00,0x00,0x00,0x00,0x00,0x00,0x00,0x00,0x00,0x00,0x00,
  0x00,0x00,0x00,0x00,0x00,0x00,0x00,0x00,0x00,0x00,0x00,0x00,
  0x00,0x00,0x00,0x00,0x00,0x00
};
